A2,A3,A8,A11,A14,A15,A1,A4,A5,A6,A7,A9,A10,A12,A13,A3_to_A8_ratio,has_positive_A11,A16
-0.04324860057151763,-1.0138489328304117,-0.27487010088941244,-0.2939036064898985,0.1681735146466467,-0.6547178097520028,0.6614378277661477,-0.5429499644318405,-0.5594989053861664,1.4713933622609,0.7578782579046334,0.9546503761693188,1.1571443517761548,-0.9191951838952687,-0.31717104994778084,-0.745770980507596,1.1571443517761548,0
2.4290597505459157,-0.037750696048291364,0.596560828851625,1.5580917220765853,-0.9324180083719409,0.833130629376188,-1.5118578920369088,-0.5429499644318405,-0.5594989053861664,1.004391789142215,-0.836438809028894,0.9546503761693188,1.1571443517761548,-0.9191951838952687,-0.31717104994778084,-0.3838880066972452,1.1571443517761548,0
-0.6053790554053303,-0.9044208793795013,-0.15316187047865304,-0.6643026722031953,0.7080863372595387,1.5345448935366206,-1.5118578920369088,-0.5429499644318405,-0.5594989053861664,1.004391789142215,-0.836438809028894,0.9546503761693188,-0.8641964146176347,-0.9191951838952687,-0.31717104994778084,-0.6802101188845548,-0.8641964146176347,0
-0.3096611384074479,-0.6768105282016078,0.9422122032181817,1.1876926563632886,-0.5378663303086736,-0.6467471931138161,0.6614378277661477,-0.5429499644318405,-0.5594989053861664,1.4713933622609,0.7578782579046334,0.9546503761693188,1.1571443517761548,1.0879082239773117,-0.31717104994778084,-0.639493373244982,1.1571443517761548,0
-0.9899011516818562,0.21721666849232976,-0.05092695693361515,-0.6643026722031953,-0.3994271450233167,-0.6547178097520028,0.6614378277661477,-0.5429499644318405,-0.5594989053861664,1.4713933622609,0.7578782579046334,0.9546503761693188,-0.8641964146176347,-0.9191951838952687,3.2705014822484286,-0.06536535941976136,-0.8641964146176347,0
0.06775662352678666,-0.13842450522312888,0.3336710511643846,-0.6643026722031953,1.2618430784009664,-0.6547178097520028,0.6614378277661477,-0.5429499644318405,-0.5594989053861664,0.7708910025828726,0.7578782579046334,0.9546503761693188,-0.8641964146176347,1.0879082239773117,-0.31717104994778084,-0.3711374855187896,-0.8641964146176347,0
0.16455317894050828,-0.7862385816525181,2.190938647232573,-0.6643026722031953,-0.09486093739553145,1.972264590583709,0.6614378277661477,-0.5429499644318405,-0.5594989053861664,1.2378925757015575,-0.836438809028894,0.9546503761693188,-0.8641964146176347,1.0879082239773117,-0.31717104994778084,-0.6991658567290842,-0.8641964146176347,0
-0.7456896586655868,1.5215990656271814,-0.863937936077488,-0.6643026722031953,-0.6763055155940305,1.972264590583709,-1.5118578920369088,-0.5429499644318405,-0.5594989053861664,-0.8636145033325247,0.7578782579046334,0.9546503761693188,-0.8641964146176347,-0.9191951838952687,-0.31717104994778084,2.905779894025728,-0.8641964146176347,0
2.051641988611681,-0.9044208793795013,1.0444471167632197,-0.6643026722031953,0.015890410832754092,0.17954006504487563,0.6614378277661477,1.783978454561761,1.7944903916653874,0.5373902160235301,-0.836438809028894,0.9546503761693188,-0.8641964146176347,-0.9191951838952687,-0.31717104994778084,-0.7127261913830794,-0.8641964146176347,0
0.9930961716102513,0.06182883259203707,0.6574149440570047,-0.6643026722031953,-0.8701203749935302,1.972264590583709,0.6614378277661477,1.783978454561761,1.7944903916653874,1.4713933622609,0.7578782579046334,0.9546503761693188,-0.8641964146176347,1.0879082239773117,-0.31717104994778084,-0.3589382855769272,-0.8641964146176347,0
-0.8202851692596476,-0.8321983641019005,0.17058202241396703,-0.6643026722031953,-0.34405147090917393,-0.6547178097520028,0.6614378277661477,-0.5429499644318405,-0.5594989053861664,-1.097115289891867,-0.836438809028894,-1.0475039081979456,-0.8641964146176347,1.0879082239773117,-0.31717104994778084,-0.6598065016021867,-0.8641964146176347,0
-0.12406040371508284,-0.6122479766655707,1.2270094623793588,-0.6643026722031953,0.5696471519741818,-0.12334336720622037,0.6614378277661477,-0.5429499644318405,-0.5594989053861664,-1.097115289891867,-0.836438809028894,0.9546503761693188,-0.8641964146176347,-0.9191951838952687,-0.31717104994778084,-0.6330210451015225,-0.8641964146176347,0
0.6156784096760167,0.2992877085805125,-0.3965783313001719,-0.6643026722031953,-1.2300622567354582,-0.6547178097520028,-1.5118578920369088,-0.5429499644318405,-0.5594989053861664,0.5373902160235301,0.7578782579046334,0.9546503761693188,-0.8641964146176347,1.0879082239773117,-0.31717104994778084,0.2376419438380209,-0.8641964146176347,0
1.4886234919850814,0.30804195285658537,-0.863937936077488,-0.6643026722031953,-1.2300622567354582,1.972264590583709,0.6614378277661477,-0.5429499644318405,-0.5594989053861664,0.5373902160235301,0.7578782579046334,-1.0475039081979456,-0.8641964146176347,-0.9191951838952687,-0.31717104994778084,1.158015578161483,-0.8641964146176347,0
1.2888140886081336,1.2841401896387057,1.5507533552719788,1.928490787789882,-1.2300622567354582,-0.6547178097520028,-1.5118578920369088,-0.5429499644318405,-0.5594989053861664,1.004391789142215,0.7578782579046334,0.9546503761693188,1.1571443517761548,1.0879082239773117,-0.31717104994778084,-0.17211344130598613,1.1571443517761548,0
0.47536780641576026,-0.047599220858873276,-0.7617030225324501,2.1136903206465303,0.9849647078302526,-0.6547178097520028,0.6614378277661477,1.783978454561761,1.7944903916653874,0.5373902160235301,0.7578782579046334,0.9546503761693188,1.1571443517761548,1.0879082239773117,-0.31717104994778084,0.41203383575531033,1.1571443517761548,0
-0.2723633831104175,-0.8223498392913186,-0.4160516481658934,0.446894524936695,1.511033611914609,-0.6547178097520028,0.6614378277661477,-0.5429499644318405,-0.5594989053861664,0.7708910025828726,0.7578782579046334,0.9546503761693188,1.1571443517761548,1.0879082239773117,-0.31717104994778084,-0.5994297715275935,1.1571443517761548,0
-0.7163842795036346,0.27193069521778496,0.6598491086652198,2.1136903206465303,-0.3994271450233167,-0.0037841176334193235,-1.5118578920369088,-0.5429499644318405,-0.5594989053861664,1.004391789142215,0.7578782579046334,0.9546503761693188,1.1571443517761548,-0.9191951838952687,-0.31717104994778084,-0.28393637375056163,1.1571443517761548,0
-0.8424862140793085,-0.9591349061049564,-0.5596673600505895,-0.6643026722031953,-1.2300622567354582,-0.6547178097520028,0.6614378277661477,-0.5429499644318405,-0.5594989053861664,-0.6301137167731822,-0.836438809028894,0.9546503761693188,-0.8641964146176347,1.0879082239773117,-0.31717104994778084,-0.6965511144242318,-0.8641964146176347,0
-1.0787053309604997,0.8650307449217192,-0.5182865617109313,1.928490787789882,-0.565554167365745,-0.6547178097520028,-1.5118578920369088,-0.5429499644318405,-0.5594989053861664,-0.8636145033325247,-0.836438809028894,0.9546503761693188,1.1571443517761548,-0.9191951838952687,-0.31717104994778084,0.862343296731856,1.1571443517761548,0
-0.5609769657660086,1.4482822698150712,0.3336710511643846,2.1136903206465303,0.15432959611811103,1.972264590583709,0.6614378277661477,-0.5429499644318405,-0.5594989053861664,-1.097115289891867,0.7578782579046334,0.9546503761693188,1.1571443517761548,-0.9191951838952687,-0.31717104994778084,0.30788572414842214,1.1571443517761548,0
-0.7163842795036346,-0.794992825928591,-0.4769057633712731,-0.6643026722031953,0.8465255225448957,-0.6547178097520028,0.6614378277661477,-0.5429499644318405,-0.5594989053861664,-1.097115289891867,0.7578782579046334,0.9546503761693188,-0.8641964146176347,-0.9191951838952687,3.2705014822484286,-0.5671310305810534,-0.8641964146176347,0
1.4593181128231292,0.7369999223841539,2.190938647232573,1.5580917220765853,-1.2300622567354582,1.972264590583709,-1.5118578920369088,-0.5429499644318405,-0.5594989053861664,-1.097115289891867,0.7578782579046334,0.9546503761693188,1.1571443517761548,1.0879082239773117,-0.31717104994778084,-0.38727002836519747,1.1571443517761548,0
-0.3460708519116914,2.1595646172459886,0.6184683103255616,-0.2939036064898985,-0.3994271450233167,-0.6254922154119847,-1.5118578920369088,-0.5429499644318405,-0.5594989053861664,1.7048941488202425,-0.836438809028894,0.9546503761693188,1.1571443517761548,-0.9191951838952687,-0.31717104994778084,0.4177938830592294,1.1571443517761548,0
0.8749866131696556,0.40871576203142285,-0.6399947921216907,0.446894524936695,-0.22637816341662054,-0.6547178097520028,-1.5118578920369088,-0.5429499644318405,-0.5594989053861664,1.004391789142215,0.7578782579046334,0.9546503761693188,1.1571443517761548,1.0879082239773117,-0.31717104994778084,0.674714354658295,1.1571443517761548,0
-1.3753112897511688,-0.8858181102928465,-0.15316187047865304,0.07649545922339826,-0.5378663303086736,-0.6547178097520028,-1.5118578920369088,-0.5429499644318405,-0.5594989053861664,-1.097115289891867,-0.836438809028894,0.9546503761693188,1.1571443517761548,-0.9191951838952687,-0.31717104994778084,-0.6690647724086379,1.1571443517761548,0
1.3927149783641466,1.8312804568932575,1.6310807873430802,2.1136903206465303,-1.2300622567354582,-0.6547178097520028,-1.5118578920369088,-0.5429499644318405,-0.5594989053861664,0.0703886429048452,-2.0321766092290394,0.9546503761693188,1.1571443517761548,1.0879082239773117,-0.31717104994778084,-0.054537240767503034,1.1571443517761548,0
2.2434590158535506,2.6013803830540385,2.190938647232573,2.1136903206465303,-1.2300622567354582,-0.6547178097520028,0.6614378277661477,-0.5429499644318405,-0.5594989053861664,-0.6301137167731822,-2.0321766092290394,0.9546503761693188,1.1571443517761548,1.0879082239773117,-0.31717104994778084,-0.005522530107315342,1.1571443517761548,0
2.3180545264476113,0.8464279758350642,2.190938647232573,0.446894524936695,-1.2300622567354582,-0.6547178097520028,0.6614378277661477,-0.5429499644318405,-0.5594989053861664,-0.3966129302138397,-0.836438809028894,0.9546503761693188,1.1571443517761548,-0.9191951838952687,-0.31717104994778084,-0.3648637188562976,1.1571443517761548,0
0.9557984163132208,-0.7862385816525181,1.5507533552719788,1.5580917220765853,2.2309173753984646,1.972264590583709,0.6614378277661477,-0.5429499644318405,-0.5594989053861664,1.4713933622609,0.7578782579046334,0.9546503761693188,1.1571443517761548,1.0879082239773117,-0.31717104994778084,-0.6889515671009604,1.1571443517761548,0
-0.18355920383177407,2.2230328882475163,1.5702266721377003,1.1876926563632886,-0.06717310033846007,-0.6547178097520028,0.6614378277661477,-0.5429499644318405,-0.5594989053861664,-1.3306160764512096,0.7578782579046334,0.9546503761693188,1.1571443517761548,1.0879082239773117,-0.31717104994778084,0.05691539648311438,1.1571443517761548,0
0.9486940819709295,1.1287523537384128,2.190938647232573,2.1136903206465303,-1.2300622567354582,-0.6547178097520028,0.6614378277661477,-0.5429499644318405,-0.5594989053861664,1.7048941488202425,-0.836438809028894,0.9546503761693188,1.1571443517761548,-0.9191951838952687,-0.31717104994778084,-0.3070554403233358,1.1571443517761548,0
1.6147254265607551,0.6461746380198983,2.190938647232573,2.1136903206465303,-1.2300622567354582,1.972264590583709,0.6614378277661477,-0.5429499644318405,-0.5594989053861664,0.0703886429048452,-2.0321766092290394,0.9546503761693188,1.1571443517761548,1.0879082239773117,-0.31717104994778084,-0.4058672652575844,1.1571443517761548,0
0.48247214075805156,0.10778861504141941,1.5507533552719788,-0.6643026722031953,-1.2300622567354582,1.972264590583709,-1.5118578920369088,-0.5429499644318405,-0.5594989053861664,-0.3966129302138397,0.7578782579046334,0.9546503761693188,-0.8641964146176347,1.0879082239773117,-0.31717104994778084,-0.4657714673258579,-0.8641964146176347,0
-0.7758830796203259,1.3388542163641608,-0.6813755904613489,1.1876926563632886,-1.2300622567354582,0.833130629376188,-1.5118578920369088,-0.5429499644318405,-0.5594989053861664,1.004391789142215,0.7578782579046334,0.9546503761693188,1.1571443517761548,1.0879082239773117,-0.31717104994778084,1.7446151058800086,1.1571443517761548,0
-0.3096611384074479,-0.6855647724776807,0.09025459034286579,2.1136903206465303,1.774068063956787,-0.5617272823064909,0.6614378277661477,-0.5429499644318405,-0.5594989053861664,1.4713933622609,0.7578782579046334,0.9546503761693188,1.1571443517761548,1.0879082239773117,-0.31717104994778084,-0.5818688264499932,1.1571443517761548,0
-0.36116756238906095,-0.6669620033910258,0.009927158271764557,2.1136903206465303,2.6462349312545355,1.2396320779237116,0.6614378277661477,-0.5429499644318405,-0.5594989053861664,-0.8636145033325247,-0.836438809028894,0.9546503761693188,1.1571443517761548,1.0879082239773117,-0.31717104994778084,-0.5625011997800471,1.1571443517761548,0
-0.7385853243232955,1.5577103232659815,-0.6399947921216907,0.07649545922339826,0.8465255225448957,0.8092187794616278,-1.5118578920369088,-0.5429499644318405,-0.5594989053861664,1.7048941488202425,-0.836438809028894,0.9546503761693188,1.1571443517761548,1.0879082239773117,-0.31717104994778084,1.8220294330615148,1.1571443517761548,0
-0.3167654727497392,-0.8858181102928465,-0.7617030225324501,0.07649545922339826,0.5696471519741818,0.6737182966124533,0.6614378277661477,1.783978454561761,1.7944903916653874,-0.8636145033325247,0.7578782579046334,0.9546503761693188,1.1571443517761548,-0.9191951838952687,-0.31717104994778084,-0.5923585643096798,1.1571443517761548,0
2.065850657296264,1.04668131365023,2.190938647232573,2.1136903206465303,-1.022403478807423,0.14234385406667086,0.6614378277661477,-0.5429499644318405,-0.5594989053861664,-0.16311214365449725,-1.2350180757622757,0.9546503761693188,1.1571443517761548,1.0879082239773117,-0.31717104994778084,-0.32386017245501075,1.1571443517761548,0
0.25335735821915173,0.9930615674592841,1.30733689445046,2.1136903206465303,-1.2300622567354582,-0.06754905073891322,0.6614378277661477,-0.5429499644318405,-0.5594989053861664,-1.097115289891867,0.7578782579046334,0.9546503761693188,1.1571443517761548,1.0879082239773117,-0.31717104994778084,-0.19923179770460772,1.1571443517761548,0
-0.21286458299372626,2.268992670696899,1.7138423840223964,2.1136903206465303,-1.2300622567354582,1.972264590583709,0.6614378277661477,-0.5429499644318405,-0.5594989053861664,-1.097115289891867,-0.836438809028894,0.9546503761693188,1.1571443517761548,-0.9191951838952687,-0.31717104994778084,0.030403387563135525,1.1571443517761548,0
-0.14626144853474368,-0.7041675415643354,-0.5182865617109313,-0.2939036064898985,0.4312079666888249,-0.3890305884791116,0.6614378277661477,-0.5429499644318405,-0.5594989053861664,1.4713933622609,-0.836438809028894,0.9546503761693188,1.1571443517761548,-0.9191951838952687,-0.31717104994778084,-0.4807177828030154,1.1571443517761548,0
0.7337879681166123,2.031533794708423,2.190938647232573,1.5580917220765853,-0.745525108236709,-0.6547178097520028,0.6614378277661477,-0.5429499644318405,-0.5594989053861664,1.4713933622609,0.7578782579046334,0.9546503761693188,1.1571443517761548,1.0879082239773117,-0.31717104994778084,-0.12220338687491161,1.1571443517761548,0
2.2292503471689677,2.6013803830540385,2.190938647232573,2.1136903206465303,-1.2300622567354582,-0.6148647265610692,0.6614378277661477,1.783978454561761,1.7944903916653874,-1.097115289891867,0.7578782579046334,0.9546503761693188,1.1571443517761548,-0.9191951838952687,-0.31717104994778084,-0.005522530107315342,1.1571443517761548,0
2.0436496124766026,0.46342978875687807,0.3945251663697643,2.1136903206465303,-1.2300622567354582,0.09983389866300825,0.6614378277661477,-0.5429499644318405,-0.5594989053861664,-1.097115289891867,-0.836438809028894,0.9546503761693188,1.1571443517761548,1.0879082239773117,-0.31717104994778084,-0.13537675160342,1.1571443517761548,0
0.8598899026922862,-0.5673824747506975,-0.8225571377378299,2.1136903206465303,1.9194292085064117,1.972264590583709,-1.5118578920369088,1.783978454561761,1.7944903916653874,1.004391789142215,-0.836438809028894,0.9546503761693188,1.1571443517761548,1.0879082239773117,-0.31717104994778084,-0.1513525017920231,1.1571443517761548,0
0.05354795484220401,-0.037750696048291364,2.057059593780738,0.446894524936695,0.922667074451842,0.14234385406667086,0.6614378277661477,-0.5429499644318405,-0.5594989053861664,-0.8636145033325247,-0.836438809028894,0.9546503761693188,1.1571443517761548,-0.9191951838952687,-0.31717104994778084,-0.5380995012187015,1.1571443517761548,0
0.9042919923316078,-0.6768105282016078,0.8205039728074223,-0.6643026722031953,0.26508094434639656,-0.6547178097520028,0.6614378277661477,-0.5429499644318405,-0.5594989053861664,0.0703886429048452,-2.0321766092290394,-1.0475039081979456,-0.8641964146176347,-0.9191951838952687,-0.31717104994778084,-0.6335890617303923,-0.8641964146176347,0
-0.6568854793869434,-0.8683096217407009,-0.8030838208721083,-0.6643026722031953,-0.5378663303086736,-0.6547178097520028,0.6614378277661477,-0.5429499644318405,-0.5594989053861664,-1.097115289891867,0.7578782579046334,-1.0475039081979456,-0.8641964146176347,-0.9191951838952687,-0.31717104994778084,-0.5586552166478435,-0.8641964146176347,0
-0.49437383130702606,-0.9044208793795013,-0.4574324465055516,-0.6643026722031953,2.1686197420200544,-0.6547178097520028,-1.5118578920369088,-0.5429499644318405,-0.5594989053861664,-1.097115289891867,-0.836438809028894,0.9546503761693188,-0.8641964146176347,1.0879082239773117,-0.31717104994778084,-0.6583564983435412,-0.8641964146176347,0
-0.4721727864873652,-0.794992825928591,-0.031453640067893626,-0.6643026722031953,0.7080863372595387,-0.6547178097520028,0.6614378277661477,-0.5429499644318405,-0.5594989053861664,1.004391789142215,0.7578782579046334,0.9546503761693188,-0.8641964146176347,1.0879082239773117,-0.31717104994778084,-0.6265694139202485,-0.8641964146176347,0
0.5419709408747428,-0.5673824747506975,-0.863937936077488,-0.6643026722031953,1.5387214489716803,1.972264590583709,0.6614378277661477,-0.5429499644318405,-0.5594989053861664,1.4713933622609,0.7578782579046334,0.9546503761693188,-0.8641964146176347,1.0879082239773117,-0.31717104994778084,-0.10277022228161575,-0.8641964146176347,0
0.31996049267813426,-0.46670866557585994,-0.8834112529432095,-0.6643026722031953,0.424286007424557,-0.12334336720622037,0.6614378277661477,-0.5429499644318405,-0.5594989053861664,1.4713933622609,0.7578782579046334,0.9546503761693188,-0.8641964146176347,1.0879082239773117,-0.31717104994778084,0.07373978978041809,-0.8641964146176347,0
0.260461692561443,-0.35728061212494955,2.190938647232573,-0.6643026722031953,-1.2300622567354582,-0.6547178097520028,0.6614378277661477,-0.5429499644318405,-0.5594989053861664,-0.8636145033325247,-0.836438809028894,0.9546503761693188,-0.8641964146176347,1.0879082239773117,-0.31717104994778084,-0.6113331234541965,-0.8641964146176347,0
-0.7092799451613433,1.530353309903254,-0.4769057633712731,-0.6643026722031953,-0.12254877445260284,0.14234385406667086,0.6614378277661477,1.783978454561761,1.7944903916653874,1.4713933622609,0.7578782579046334,0.9546503761693188,-0.8641964146176347,1.0879082239773117,-0.31717104994778084,1.3309184373884617,-0.8641964146176347,0
-0.7234886138459259,-1.0138489328304117,-0.8420304546035514,-0.6643026722031953,-1.2300622567354582,-0.6547178097520028,0.6614378277661477,-0.5429499644318405,-0.5594989053861664,-0.8636145033325247,0.7578782579046334,0.9546503761693188,-0.8641964146176347,-0.9191951838952687,-0.31717104994778084,-0.745770980507596,-0.8641964146176347,0
1.1556078196901687,-0.9044208793795013,1.5507533552719788,-0.6643026722031953,0.9849647078302526,-0.6547178097520028,0.6614378277661477,-0.5429499644318405,-0.5594989053861664,0.0703886429048452,-0.836438809028894,0.9546503761693188,-0.8641964146176347,1.0879082239773117,-0.31717104994778084,-0.7184539548313288,-0.8641964146176347,0
0.34216153749779515,-0.028996451772218528,1.915878046504257,-0.6643026722031953,2.6462349312545355,-0.6547178097520028,0.6614378277661477,-0.5429499644318405,-0.5594989053861664,1.7048941488202425,-0.836438809028894,-1.0475039081979456,-0.8641964146176347,1.0879082239773117,3.2705014822484286,-0.527234775097459,-0.8641964146176347,0
1.059699306069234,-0.35728061212494955,2.0375862769150164,2.1136903206465303,-0.6763055155940305,-0.6547178097520028,0.6614378277661477,-0.5429499644318405,-0.5594989053861664,1.004391789142215,-0.836438809028894,0.9546503761693188,1.1571443517761548,-0.9191951838952687,-0.31717104994778084,-0.6052834198867936,1.1571443517761548,0
2.25855572633092,1.667138376716892,-0.27487010088941244,0.8172935906499917,0.15432959611811103,-0.6547178097520028,0.6614378277661477,-0.5429499644318405,-0.5594989053861664,0.7708910025828726,0.7578782579046334,0.9546503761693188,1.1571443517761548,1.0879082239773117,-0.31717104994778084,1.0389413636751903,1.1571443517761548,0
0.031346910022543154,2.5239600352375198,0.5770875119859035,2.1136903206465303,0.5004275593315034,1.284798905540103,0.6614378277661477,-0.5429499644318405,-0.5594989053861664,-0.6301137167731822,0.7578782579046334,0.9546503761693188,1.1571443517761548,-0.9191951838952687,-0.31717104994778084,0.5789681796629788,1.1571443517761548,0
-0.7012875690262651,-0.8409526083779733,-0.15316187047865304,0.07649545922339826,-0.6763055155940305,0.40803107533956207,-1.5118578920369088,1.783978454561761,1.7944903916653874,1.004391789142215,0.7578782579046334,0.9546503761693188,1.1571443517761548,1.0879082239773117,-0.31717104994778084,-0.642184819143191,1.1571443517761548,0
-0.9677001068621953,-0.8311040835673914,-0.11178107213899487,-0.2939036064898985,-1.2300622567354582,-0.6547178097520028,-1.5118578920369088,-0.5429499644318405,-0.5594989053861664,1.004391789142215,0.7578782579046334,0.9546503761693188,1.1571443517761548,-0.9191951838952687,-0.31717104994778084,-0.6398844825284097,1.1571443517761548,0
-0.412673986370674,-0.0837104784976737,1.205101980905422,-0.2939036064898985,-0.3994271450233167,-0.6547178097520028,0.6614378277661477,-0.5429499644318405,-0.5594989053861664,-0.8636145033325247,0.7578782579046334,0.9546503761693188,1.1571443517761548,1.0879082239773117,-0.31717104994778084,-0.4824121318328089,1.1571443517761548,0
0.25335735821915173,-0.6768105282016078,-0.13368855361293153,-0.2939036064898985,2.369356560683822,1.972264590583709,0.6614378277661477,-0.5429499644318405,-0.5594989053861664,-0.8636145033325247,0.7578782579046334,0.9546503761693188,1.1571443517761548,1.0879082239773117,-0.31717104994778084,-0.5470234866109752,1.1571443517761548,0
0.41586900629906903,-0.794992825928591,0.09025459034286579,2.1136903206465303,-1.2300622567354582,0.5568159192523812,-1.5118578920369088,-0.5429499644318405,-0.5594989053861664,-1.097115289891867,0.7578782579046334,0.9546503761693188,1.1571443517761548,-0.9191951838952687,-0.31717104994778084,-0.6365028778025275,1.1571443517761548,0
-0.516574876126687,-0.9317778927422289,-0.7617030225324501,0.446894524936695,0.5696471519741818,1.972264590583709,0.6614378277661477,-0.5429499644318405,-0.5594989053861664,0.7708910025828726,0.7578782579046334,0.9546503761693188,1.1571443517761548,-0.9191951838952687,-0.31717104994778084,-0.6474296880730342,1.1571443517761548,0
-1.0565042861408387,0.40871576203142285,-0.17263518734437458,1.928490787789882,-0.6763055155940305,1.972264590583709,0.6614378277661477,-0.5429499644318405,-0.5594989053861664,1.4713933622609,-0.836438809028894,0.9546503761693188,1.1571443517761548,-0.9191951838952687,-0.31717104994778084,0.12037861410575217,1.1571443517761548,0
0.34216153749779515,2.6013803830540385,-0.09230775527327334,-0.2939036064898985,2.3347467643624826,0.6737182966124533,0.6614378277661477,-0.5429499644318405,-0.5594989053861664,1.7048941488202425,-0.836438809028894,0.9546503761693188,1.1571443517761548,1.0879082239773117,-0.31717104994778084,1.317054701274519,1.1571443517761548,0
0.0899576683464475,0.6275718689332436,-0.11178107213899487,-0.6643026722031953,1.6771606342570373,-0.6547178097520028,0.6614378277661477,-0.5429499644318405,-0.5594989053861664,-0.3966129302138397,-2.0321766092290394,0.9546503761693188,-0.8641964146176347,1.0879082239773117,3.2705014822484286,0.20530534864677236,-0.8641964146176347,1
0.31196811654305606,-0.13842450522312888,2.190938647232573,-0.6643026722031953,-0.12254877445260284,-0.6547178097520028,0.6614378277661477,-0.5429499644318405,-0.5594989053861664,-0.6301137167731822,-2.0321766092290394,0.9546503761693188,-0.8641964146176347,1.0879082239773117,-0.31717104994778084,-0.5665205044363968,-0.8641964146176347,1
0.6449837888379689,0.08043160167869182,2.190938647232573,-0.6643026722031953,2.6462349312545355,-0.6547178097520028,-1.5118578920369088,-0.5429499644318405,-0.5594989053861664,-0.8636145033325247,0.7578782579046334,0.9546503761693188,-0.8641964146176347,1.0879082239773117,-0.31717104994778084,-0.5217078854185969,-0.8641964146176347,1
1.1485034853478773,-0.9044208793795013,2.190938647232573,-0.6643026722031953,1.5387214489716803,-0.6547178097520028,0.6614378277661477,-0.5429499644318405,-0.5594989053861664,0.7708910025828726,0.7578782579046334,0.9546503761693188,-0.8641964146176347,-0.9191951838952687,3.2705014822484286,-0.7233646709986961,-0.8641964146176347,1
1.2000099093294903,0.5181438154823332,-0.09230775527327334,-0.6643026722031953,-0.12254877445260284,-0.649404065326545,0.6614378277661477,1.783978454561761,1.7944903916653874,-1.097115289891867,0.7578782579046334,-1.0475039081979456,-0.8641964146176347,-0.9191951838952687,-0.31717104994778084,0.1283738411329523,-0.8641964146176347,1
-0.9454990620425345,0.14389987268021984,-0.7008489073270704,-0.2939036064898985,-0.12254877445260284,-0.6547178097520028,0.6614378277661477,-0.5429499644318405,-0.5594989053861664,1.004391789142215,0.7578782579046334,0.9546503761693188,1.1571443517761548,-0.9191951838952687,-0.31717104994778084,0.5153815939865406,1.1571443517761548,1
0.2453649820840735,0.40871576203142285,-0.8225571377378299,-0.6643026722031953,1.8363656973351976,-0.6547178097520028,0.6614378277661477,-0.5429499644318405,-0.5594989053861664,-1.3306160764512096,0.7578782579046334,0.9546503761693188,-0.8641964146176347,1.0879082239773117,-0.31717104994778084,1.1482094663802587,-0.8641964146176347,1
-1.0787053309604997,-0.8858181102928465,-0.5986139937820325,-0.6643026722031953,-0.12254877445260284,-0.6547178097520028,-1.5118578920369088,1.783978454561761,1.7944903916653874,-1.3306160764512096,0.7578782579046334,0.9546503761693188,-0.8641964146176347,1.0879082239773117,-0.31717104994778084,-0.6247832705723309,-0.8641964146176347,1
-0.856694882763891,-0.7588815682897906,0.3336710511643846,-0.2939036064898985,0.015890410832754092,-0.6015803654974246,0.6614378277661477,1.783978454561761,1.7944903916653874,0.5373902160235301,0.7578782579046334,0.9546503761693188,1.1571443517761548,-0.9191951838952687,-0.31717104994778084,-0.6366589750921061,1.1571443517761548,1
-0.8717915932412607,1.1199981094623401,-0.7617030225324501,-0.6643026722031953,-0.26098795973795974,-0.6547178097520028,0.6614378277661477,-0.5429499644318405,-0.5594989053861664,-1.097115289891867,0.7578782579046334,0.9546503761693188,-0.8641964146176347,-0.9191951838952687,-0.31717104994778084,1.8111026227910079,-0.8641964146176347,1
1.6218297609030465,2.6013803830540385,-0.8834112529432095,-0.2939036064898985,-0.5793980858942807,-0.6547178097520028,0.6614378277661477,-0.5429499644318405,-0.5594989053861664,-0.16311214365449725,-1.2350180757622757,0.9546503761693188,1.1571443517761548,-0.9191951838952687,-0.31717104994778084,4.669146434170456,1.1571443517761548,1
-0.32386980709203056,-0.6855647724776807,0.09025459034286579,-0.6643026722031953,1.3172187525151093,-0.6547178097520028,-1.5118578920369088,-0.5429499644318405,-0.5594989053861664,0.7708910025828726,0.7578782579046334,0.9546503761693188,-0.8641964146176347,-0.9191951838952687,3.2705014822484286,-0.5818688264499932,-0.8641964146176347,1
0.7559890129362732,-0.9044208793795013,-0.7617030225324501,-0.6643026722031953,0.7634620113736815,-0.6547178097520028,0.6614378277661477,-0.5429499644318405,-0.5594989053861664,0.7708910025828726,0.7578782579046334,0.9546503761693188,-0.8641964146176347,-0.9191951838952687,3.2705014822484286,-0.6146492572615138,-0.8641964146176347,1
-0.25371450546190233,-0.24785255867403921,0.5770875119859035,-0.6643026722031953,0.8465255225448957,-0.6547178097520028,-1.5118578920369088,-0.5429499644318405,-0.5594989053861664,-0.6301137167731822,0.7578782579046334,0.9546503761693188,-0.8641964146176347,1.0879082239773117,-0.31717104994778084,-0.45894221090679105,-0.8641964146176347,1
-0.36116756238906095,-0.8770638660167738,-0.6619022735956274,-0.6643026722031953,0.15432959611811103,-0.6547178097520028,0.6614378277661477,-0.5429499644318405,-0.5594989053861664,-1.3306160764512096,0.7578782579046334,0.9546503761693188,-0.8641964146176347,1.0879082239773117,-0.31717104994778084,-0.6049615698051881,-0.8641964146176347,1
0.519769896055082,-0.13842450522312888,1.5507533552719788,-0.6643026722031953,0.7080863372595387,-0.6547178097520028,0.6614378277661477,-0.5429499644318405,-0.5594989053861664,-1.097115289891867,-2.0321766092290394,0.9546503761693188,-0.8641964146176347,1.0879082239773117,3.2705014822484286,-0.527234775097459,-0.8641964146176347,1
-0.25371450546190233,-0.9317778927422289,-0.4574324465055516,-0.6643026722031953,2.6462349312545355,-0.6547178097520028,0.6614378277661477,-0.5429499644318405,-0.5594989053861664,-0.6301137167731822,0.7578782579046334,0.9546503761693188,-0.8641964146176347,1.0879082239773117,3.2705014822484286,-0.6802101188845548,-0.8641964146176347,1
-0.5014781656493174,-0.530176936577388,1.0639204336289412,-0.6643026722031953,0.07126608494689686,-0.6547178097520028,0.6614378277661477,1.783978454561761,1.7944903916653874,-1.3306160764512096,0.7578782579046334,0.9546503761693188,-0.8641964146176347,-0.9191951838952687,-0.31717104994778084,-0.6008814763206751,-0.8641964146176347,1
0.23826064774178218,-0.028996451772218528,-0.3965783313001719,-0.6643026722031953,0.4312079666888249,-0.6547178097520028,0.6614378277661477,-0.5429499644318405,-0.5594989053861664,-1.3306160764512096,0.7578782579046334,0.9546503761693188,-0.8641964146176347,1.0879082239773117,-0.31717104994778084,-0.008211287248383324,-0.8641964146176347,1
1.5703233369214336,-0.6855647724776807,-0.8834112529432095,-0.6643026722031953,-0.5378663303086736,-0.5829822600083222,-1.5118578920369088,-0.5429499644318405,-0.5594989053861664,0.3038894294641877,-0.4378595422955121,0.9546503761693188,-0.8641964146176347,1.0879082239773117,-0.31717104994778084,-0.25406451833478755,-0.8641964146176347,1
2.5705914112712525,1.7765664301678021,1.5507533552719788,-0.6643026722031953,-0.45480281913745946,-0.6547178097520028,0.6614378277661477,1.783978454561761,1.7944903916653874,-1.097115289891867,-0.836438809028894,0.9546503761693188,-0.8641964146176347,-0.9191951838952687,-0.31717104994778084,-0.04918682576278403,-0.8641964146176347,1
0.009145865202882296,2.378420724147809,-0.6399947921216907,-0.6643026722031953,-0.3994271450233167,-0.6547178097520028,0.6614378277661477,-0.5429499644318405,-0.5594989053861664,-1.097115289891867,0.7578782579046334,0.9546503761693188,-0.8641964146176347,-0.9191951838952687,-0.31717104994778084,2.641540203349529,-0.8641964146176347,1
-0.25371450546190233,0.08043160167869182,2.190938647232573,-0.6643026722031953,-1.2300622567354582,-0.6547178097520028,0.6614378277661477,1.783978454561761,1.7944903916653874,-1.3306160764512096,0.7578782579046334,0.9546503761693188,-0.8641964146176347,-0.9191951838952687,-0.31717104994778084,-0.5217078854185969,-0.8641964146176347,1
1.8660412539193159,-0.7129217858404082,2.190938647232573,-0.6643026722031953,0.15432959611811103,-0.3890305884791116,0.6614378277661477,1.783978454561761,1.7944903916653874,-1.097115289891867,-0.836438809028894,0.9546503761693188,-0.8641964146176347,1.0879082239773117,-0.31717104994778084,-0.6841536293581213,-0.8641964146176347,1
-0.22796129347109578,-0.6855647724776807,-0.15316187047865304,-0.6643026722031953,-1.2300622567354582,-0.05692156188799757,0.6614378277661477,1.783978454561761,1.7944903916653874,-1.097115289891867,0.7578782579046334,0.9546503761693188,-0.8641964146176347,1.0879082239773117,-0.31717104994778084,-0.5490883956384726,-0.8641964146176347,1
-0.24305800394846533,-0.2390983143979664,-0.6399947921216907,-0.6643026722031953,-0.046407222545656525,-0.6547178097520028,-1.5118578920369088,-0.5429499644318405,-0.5594989053861664,0.0703886429048452,-2.0321766092290394,0.9546503761693188,-0.8641964146176347,1.0879082239773117,-0.31717104994778084,0.027847186644289257,-0.8641964146176347,1
-0.7385853243232955,-0.8770638660167738,-0.8225571377378299,-0.6643026722031953,0.015890410832754092,-0.6520609375392739,0.6614378277661477,1.783978454561761,1.7944903916653874,-1.3306160764512096,0.7578782579046334,0.9546503761693188,-0.8641964146176347,-0.9191951838952687,-0.31717104994778084,-0.5636574759991484,-0.8641964146176347,1
-0.25371450546190233,-0.9044208793795013,-0.4769057633712731,-0.6643026722031953,0.9849647078302526,-0.6547178097520028,0.6614378277661477,-0.5429499644318405,-0.5594989053861664,-1.097115289891867,-2.0321766092290394,0.9546503761693188,-0.8641964146176347,1.0879082239773117,3.2705014822484286,-0.6564510055443247,-0.8641964146176347,1
-0.7829874139626172,1.393568243089616,0.5770875119859035,-0.6643026722031953,0.6250228260883246,-0.6547178097520028,-1.5118578920369088,1.783978454561761,1.7944903916653874,1.004391789142215,0.7578782579046334,0.9546503761693188,-0.8641964146176347,1.0879082239773117,-0.31717104994778084,0.1556908668092195,-0.8641964146176347,1
-0.2501623382907566,-0.794992825928591,-0.3965783313001719,0.07649545922339826,-0.07409505960272791,0.6737182966124533,-1.5118578920369088,-0.5429499644318405,-0.5594989053861664,1.004391789142215,0.7578782579046334,0.9546503761693188,1.1571443517761548,1.0879082239773117,-0.31717104994778084,-0.5818688264499932,1.1571443517761548,1
0.5490752752170341,-0.6308507457522254,-0.7617030225324501,-0.6643026722031953,-0.09486093739553145,0.40803107533956207,0.6614378277661477,1.783978454561761,1.7944903916653874,-1.097115289891867,-2.0321766092290394,0.9546503761693188,-0.8641964146176347,1.0879082239773117,-0.31717104994778084,-0.28684494914630815,-0.8641964146176347,1
0.34926587184008645,2.59727683104963,1.0639204336289412,-0.6643026722031953,-0.6763055155940305,-0.6547178097520028,0.6614378277661477,1.783978454561761,1.7944903916653874,-1.097115289891867,0.7578782579046334,0.9546503761693188,-0.8641964146176347,-0.9191951838952687,-0.31717104994778084,0.33598323627258253,-0.8641964146176347,1
-1.1231074205998213,0.08043160167869182,-0.7008489073270704,0.07649545922339826,-1.2300622567354582,-0.5537566656683042,0.6614378277661477,-0.5429499644318405,-0.5594989053861664,1.004391789142215,0.7578782579046334,0.9546503761693188,1.1571443517761548,-0.9191951838952687,-0.31717104994778084,0.446244685365879,1.1571443517761548,1
-0.5609769657660086,1.6124243499914368,0.21196282075362521,0.07649545922339826,-0.3994271450233167,-0.6414334486883583,0.6614378277661477,-0.5429499644318405,-0.5594989053861664,0.5373902160235301,0.7578782579046334,0.9546503761693188,1.1571443517761548,1.0879082239773117,-0.31717104994778084,0.4645833879177787,1.1571443517761548,1
-0.3096611384074479,-0.13842450522312888,1.915878046504257,0.07649545922339826,-0.7109153119153698,-0.6547178097520028,0.6614378277661477,1.783978454561761,1.7944903916653874,0.0703886429048452,-0.836438809028894,0.9546503761693188,1.1571443517761548,1.0879082239773117,-0.31717104994778084,-0.5515165756985853,1.1571443517761548,1
2.0880517021159246,2.378420724147809,-0.8834112529432095,2.1136903206465303,-0.1779244485667456,-0.30932442209724426,0.6614378277661477,-0.5429499644318405,-0.5594989053861664,-0.3966129302138397,1.1564575246380153,0.9546503761693188,1.1571443517761548,-0.9191951838952687,-0.31717104994778084,4.335195795278091,1.1571443517761548,1
-0.22796129347109578,-0.7588815682897906,-0.6399947921216907,-0.6643026722031953,0.7080863372595387,-0.6547178097520028,0.6614378277661477,-0.5429499644318405,-0.5594989053861664,0.5373902160235301,0.7578782579046334,0.9546503761693188,-0.8641964146176347,-0.9191951838952687,3.2705014822484286,-0.4911763012047862,-0.8641964146176347,1
-0.5609769657660086,1.393568243089616,1.30733689445046,-0.6643026722031953,-0.3994271450233167,-0.6547178097520028,-1.5118578920369088,1.783978454561761,1.7944903916653874,-1.3306160764512096,0.7578782579046334,0.9546503761693188,-0.8641964146176347,-0.9191951838952687,-0.31717104994778084,-0.09016236427718473,-0.8641964146176347,1
0.8527855683499949,-0.5214226923013151,2.190938647232573,-0.6643026722031953,-0.011797426224317294,-0.6547178097520028,0.6614378277661477,1.783978454561761,1.7944903916653874,1.7048941488202425,-0.836438809028894,0.9546503761693188,-0.8641964146176347,1.0879082239773117,-0.31717104994778084,-0.6449425877175464,-0.8641964146176347,1
-1.0271989069788865,-0.8497068526540461,-0.4963790802369946,1.1876926563632886,-0.26098795973795974,-0.6414334486883583,-1.5118578920369088,-0.5429499644318405,-0.5594989053861664,-1.097115289891867,0.7578782579046334,0.9546503761693188,1.1571443517761548,1.0879082239773117,-0.31717104994778084,-0.6088053921586243,1.1571443517761548,1
-0.1906635381740654,-0.24785255867403921,0.8205039728074223,0.446894524936695,1.0472623412086632,-0.6547178097520028,0.6614378277661477,-0.5429499644318405,-0.5594989053861664,1.4713933622609,0.7578782579046334,0.9546503761693188,1.1571443517761548,1.0879082239773117,-0.31717104994778084,-0.49081207419576944,1.1571443517761548,1
-0.6053790554053303,-0.7862385816525181,-0.6399947921216907,0.446894524936695,0.015890410832754092,-0.26415759448085274,-1.5118578920369088,1.783978454561761,1.7944903916653874,-0.16311214365449725,-1.2350180757622757,0.9546503761693188,1.1571443517761548,-0.9191951838952687,-0.31717104994778084,-0.5184933268810534,1.1571443517761548,1
-0.598274721063039,1.721852403442347,-0.4574324465055516,-0.6643026722031953,0.5696471519741818,-0.6547178097520028,0.6614378277661477,-0.5429499644318405,-0.5594989053861664,1.4713933622609,0.7578782579046334,0.9546503761693188,-0.8641964146176347,1.0879082239773117,-0.31717104994778084,1.439591073593775,-0.8641964146176347,1
0.2160596029221213,-0.8497068526540461,-0.3965783313001719,0.446894524936695,0.2373931072893252,-0.6547178097520028,-1.5118578920369088,-0.5429499644318405,-0.5594989053861664,0.5373902160235301,-2.0321766092290394,0.9546503761693188,1.1571443517761548,1.0879082239773117,-0.31717104994778084,-0.6228443649643939,1.1571443517761548,1
-0.9454990620425345,-0.7402787992031358,-0.21401598568403277,0.446894524936695,-0.26098795973795974,-0.09677464507893126,0.6614378277661477,1.783978454561761,1.7944903916653874,-1.097115289891867,-0.836438809028894,0.9546503761693188,1.1571443517761548,1.0879082239773117,-0.31717104994778084,-0.5732423972890668,1.1571443517761548,1
-0.5236792104689783,-0.7676358125658633,-0.2553967840236909,0.07649545922339826,0.15432959611811103,-0.6547178097520028,-1.5118578920369088,-0.5429499644318405,-0.5594989053861664,1.004391789142215,0.7578782579046334,0.9546503761693188,1.1571443517761548,-0.9191951838952687,-0.31717104994778084,-0.5847317461715233,1.1571443517761548,1
0.571276320036695,0.5181438154823332,2.190938647232573,1.928490787789882,0.8465255225448957,-0.6414334486883583,0.6614378277661477,-0.5429499644318405,-0.5594989053861664,1.004391789142215,-0.836438809028894,0.9546503761693188,1.1571443517761548,1.0879082239773117,-0.31717104994778084,-0.4320826473829973,1.1571443517761548,1
1.8811379643966855,0.40871576203142285,2.1787678241914974,2.1136903206465303,-1.2300622567354582,1.972264590583709,0.6614378277661477,-0.5429499644318405,-0.5594989053861664,0.5373902160235301,0.7578782579046334,0.9546503761693188,1.1571443517761548,-0.9191951838952687,-0.31717104994778084,-0.45349004734589005,1.1571443517761548,0
2.354464239951855,0.5268980597584061,2.190938647232573,1.5580917220765853,1.2618430784009664,1.972264590583709,0.6614378277661477,-0.5429499644318405,-0.5594989053861664,0.7708910025828726,0.7578782579046334,0.9546503761693188,1.1571443517761548,1.0879082239773117,-0.31717104994778084,-0.4302901426222853,1.1571443517761548,0
-0.9383947277002431,1.2480289319999054,-0.7203222241927919,-0.2939036064898985,-0.6763055155940305,-0.5218741991155572,-1.5118578920369088,-0.5429499644318405,-0.5594989053861664,-0.8636145033325247,-0.836438809028894,0.9546503761693188,1.1571443517761548,1.0879082239773117,-0.31717104994778084,1.7919500115303444,1.1571443517761548,0
0.7639813890713514,0.3452474910298949,-0.863937936077488,-0.2939036064898985,0.15432959611811103,0.14234385406667086,0.6614378277661477,-0.5429499644318405,-0.5594989053861664,1.004391789142215,0.7578782579046334,0.9546503761693188,1.1571443517761548,-0.9191951838952687,-0.31717104994778084,1.2115989746803144,1.1571443517761548,0
-0.5014781656493174,1.721852403442347,-0.294343417755134,2.1136903206465303,-0.26098795973795974,0.030755221132056535,0.6614378277661477,-0.5429499644318405,-0.5594989053861664,-0.8636145033325247,0.7578782579046334,0.9546503761693188,1.1571443517761548,1.0879082239773117,-0.31717104994778084,1.108325784849902,1.1571443517761548,0
-0.5831780105856695,1.721852403442347,-0.15316187047865304,2.1136903206465303,-0.3994271450233167,0.8517287348652904,-1.5118578920369088,-0.5429499644318405,-0.5594989053861664,-1.3306160764512096,0.7578782579046334,0.9546503761693188,1.1571443517761548,1.0879082239773117,-0.31717104994778084,0.8932505600684322,1.1571443517761548,0
1.1413991510055859,0.4448270196702233,2.190938647232573,0.446894524936695,-1.2300622567354582,-0.6547178097520028,-1.5118578920369088,-0.5429499644318405,-0.5594989053861664,1.004391789142215,0.7578782579046334,0.9546503761693188,1.1571443517761548,1.0879082239773117,-0.31717104994778084,-0.4470948747539602,1.1571443517761548,0
-0.6941832346839738,0.9558560292859746,2.190938647232573,1.1876926563632886,-0.3994271450233167,-0.6547178097520028,-1.5118578920369088,-0.5429499644318405,-0.5594989053861664,1.004391789142215,0.7578782579046334,0.9546503761693188,1.1571443517761548,1.0879082239773117,-0.31717104994778084,-0.34245740934739766,1.1571443517761548,0
0.31996049267813426,0.08043160167869182,2.190938647232573,1.5580917220765853,-1.2300622567354582,1.972264590583709,0.6614378277661477,-0.5429499644318405,-0.5594989053861664,1.7048941488202425,-0.836438809028894,0.9546503761693188,1.1571443517761548,1.0879082239773117,-0.31717104994778084,-0.5217078854185969,1.1571443517761548,0
1.452213778480838,-0.46670866557585994,0.3336710511643846,2.1136903206465303,1.6079410416143587,1.972264590583709,0.6614378277661477,-0.5429499644318405,-0.5594989053861664,0.7708910025828726,-2.0321766092290394,0.9546503761693188,1.1571443517761548,1.0879082239773117,-0.31717104994778084,-0.5116250461395919,1.1571443517761548,0
-0.7607863691429563,1.393568243089616,0.3336710511643846,1.928490787789882,-0.5378663303086736,1.494691810345687,0.6614378277661477,-0.5429499644318405,-0.5594989053861664,1.004391789142215,0.7578782579046334,0.9546503761693188,1.1571443517761548,1.0879082239773117,-0.31717104994778084,0.28447113071162167,1.1571443517761548,0
0.27555840303881257,-0.0837104784976737,0.6987957423966629,0.07649545922339826,0.6665545816739317,0.9659742400126337,0.6614378277661477,-0.5429499644318405,-0.5594989053861664,0.0703886429048452,-2.0321766092290394,0.9546503761693188,1.1571443517761548,-0.9191951838952687,-0.31717104994778084,-0.4179666723923904,1.1571443517761548,0
-0.257266672633048,-0.24785255867403921,-0.4769057633712731,-0.6643026722031953,0.7080863372595387,-0.6547178097520028,-1.5118578920369088,-0.5429499644318405,-0.5594989053861664,1.4713933622609,0.7578782579046334,0.9546503761693188,-0.8641964146176347,-0.9191951838952687,3.2705014822484286,-0.12053115576469699,-0.8641964146176347,0
2.5705914112712525,0.18985965512960218,2.190938647232573,-0.2939036064898985,-1.2300622567354582,-0.6547178097520028,0.6614378277661477,-0.5429499644318405,-0.5594989053861664,-0.3966129302138397,1.1564575246380153,0.9546503761693188,1.1571443517761548,1.0879082239773117,-0.31717104994778084,-0.499301575909697,1.1571443517761548,0
-0.9677001068621953,-0.6122479766655707,0.21196282075362521,-0.2939036064898985,-0.5378663303086736,-0.256186977842666,0.6614378277661477,-0.5429499644318405,-0.5594989053861664,-1.097115289891867,0.7578782579046334,0.9546503761693188,1.1571443517761548,-0.9191951838952687,-0.31717104994778084,-0.5606876250025491,1.1571443517761548,0
1.430012733661177,0.7369999223841539,2.190938647232573,1.5580917220765853,1.3656724673649843,1.972264590583709,-1.5118578920369088,-0.5429499644318405,-0.5594989053861664,-0.3966129302138397,-2.0321766092290394,0.9546503761693188,1.1571443517761548,-0.9191951838952687,-0.31717104994778084,-0.38727002836519747,1.1571443517761548,0
0.4380700511187299,0.08043160167869182,0.3336710511643846,1.5580917220765853,-1.2300622567354582,0.32035429231950796,0.6614378277661477,-0.5429499644318405,-0.5594989053861664,-1.097115289891867,-2.0321766092290394,0.9546503761693188,1.1571443517761548,-0.9191951838952687,-0.31717104994778084,-0.27747911177158796,1.1571443517761548,0
0.12015108930118658,0.18985965512960218,1.7941698160934976,2.1136903206465303,1.5940971230858232,1.972264590583709,0.6614378277661477,-0.5429499644318405,-0.5594989053861664,1.004391789142215,-0.836438809028894,0.9546503761693188,1.1571443517761548,1.0879082239773117,-0.31717104994778084,-0.46839810441011426,1.1571443517761548,0
1.5330255816244032,0.40871576203142285,2.0375862769150164,-0.6643026722031953,1.192623485758288,-0.6547178097520028,0.6614378277661477,-0.5429499644318405,-0.5594989053861664,1.004391789142215,-0.836438809028894,0.9546503761693188,-0.8641964146176347,1.0879082239773117,-0.31717104994778084,-0.44138126582919074,-0.8641964146176347,0
0.7639813890713514,-0.8956666351034285,-0.6399947921216907,0.446894524936695,0.15432959611811103,1.972264590583709,0.6614378277661477,1.783978454561761,1.7944903916653874,-1.3306160764512096,0.7578782579046334,0.9546503761693188,1.1571443517761548,-0.9191951838952687,-0.31717104994778084,-0.6277614295861219,1.1571443517761548,0
0.2009628924447518,-0.41199463885040477,1.1856286640397005,1.5580917220765853,0.1820174331751824,-0.6547178097520028,0.6614378277661477,-0.5429499644318405,-0.5594989053861664,0.7708910025828726,0.7578782579046334,0.9546503761693188,1.1571443517761548,-0.9191951838952687,-0.31717104994778084,-0.5740639619710598,1.1571443517761548,0
-1.1088987519152387,1.065284082736885,-0.09230775527327334,1.5580917220765853,-0.9531838861647445,0.9394055178853445,-1.5118578920369088,-0.5429499644318405,-0.5594989053861664,1.4713933622609,0.7578782579046334,0.9546503761693188,1.1571443517761548,1.0879082239773117,-0.31717104994778084,0.4405684202902911,1.1571443517761548,0
-0.3904729415510131,1.9407085103441677,1.5507533552719788,0.07649545922339826,-1.2300622567354582,1.972264590583709,-1.5118578920369088,-0.5429499644318405,-0.5594989053861664,1.004391789142215,-0.836438809028894,0.9546503761693188,1.1571443517761548,-0.9191951838952687,-0.31717104994778084,-0.008211287248383324,1.1571443517761548,0
-0.005950845274487238,-0.19313853194858405,-0.579140676916311,2.1136903206465303,0.02281237009702194,-0.6547178097520028,-1.5118578920369088,-0.5429499644318405,-0.5594989053861664,-0.8636145033325247,-0.836438809028894,0.9546503761693188,1.1571443517761548,1.0879082239773117,-0.31717104994778084,0.010700499758263088,1.1571443517761548,0
2.2363546815112594,2.4878487775987197,-0.8834112529432095,2.1136903206465303,-1.2300622567354582,0.0015296267920385008,-1.5118578920369088,-0.5429499644318405,-0.5594989053861664,0.3038894294641877,-1.2350180757622757,0.9546503761693188,1.1571443517761548,-0.9191951838952687,-0.31717104994778084,4.4990979493356935,1.1571443517761548,0
1.037498261249573,-0.9503806618288837,-0.031453640067893626,2.1136903206465303,-0.5378663303086736,0.3416092700213393,0.6614378277661477,1.783978454561761,1.7944903916653874,-0.8636145033325247,-0.836438809028894,0.9546503761693188,1.1571443517761548,-0.9191951838952687,-0.31717104994778084,-0.7112025261972652,1.1571443517761548,0
-0.7980841244399867,1.393568243089616,0.09025459034286579,-0.2939036064898985,-0.6763055155940305,0.08389266538663478,0.6614378277661477,-0.5429499644318405,-0.5594989053861664,1.4713933622609,0.7578782579046334,0.9546503761693188,1.1571443517761548,-0.9191951838952687,-0.31717104994778084,0.45617814924815797,1.1571443517761548,0
-0.36116756238906095,-0.6494535148388801,1.592134153611637,2.1136903206465303,1.5317994897074125,1.5425155101748074,0.6614378277661477,-0.5429499644318405,-0.5594989053861664,-0.8636145033325247,-0.836438809028894,0.9546503761693188,1.1571443517761548,-0.9191951838952687,-0.31717104994778084,-0.6560759644004773,1.1571443517761548,0
0.1343597579857692,-0.46670866557585994,0.45537928157514407,1.5580917220765853,-0.12254877445260284,1.972264590583709,0.6614378277661477,-0.5429499644318405,-0.5594989053861664,-0.8636145033325247,-0.836438809028894,0.9546503761693188,1.1571443517761548,-0.9191951838952687,-0.31717104994778084,-0.527234775097459,1.1571443517761548,0
-0.7163842795036346,-0.6855647724776807,0.2728169359590049,0.446894524936695,-1.2300622567354582,0.891581818056224,0.6614378277661477,-0.5429499644318405,-0.5594989053861664,1.004391789142215,0.7578782579046334,0.9546503761693188,1.1571443517761548,1.0879082239773117,-0.31717104994778084,-0.6000801769008379,1.1571443517761548,0
0.8003911025755949,0.6363261132093164,2.190938647232573,2.1136903206465303,-1.2300622567354582,1.972264590583709,-1.5118578920369088,1.783978454561761,1.7944903916653874,1.004391789142215,-0.836438809028894,0.9546503761693188,1.1571443517761548,-0.9191951838952687,-0.31717104994778084,-0.4078838331133854,1.1571443517761548,0
-0.0725539797334698,0.40871576203142285,1.0639204336289412,1.928490787789882,-1.2300622567354582,1.972264590583709,-1.5118578920369088,-0.5429499644318405,-0.5594989053861664,-1.097115289891867,-2.0321766092290394,0.9546503761693188,1.1571443517761548,1.0879082239773117,-0.31717104994778084,-0.3196253799578287,1.1571443517761548,0
1.9104433435586377,2.268992670696899,1.7941698160934976,2.1136903206465303,-1.2300622567354582,1.972264590583709,-1.5118578920369088,-0.5429499644318405,-0.5594989053861664,-1.097115289891867,0.7578782579046334,0.9546503761693188,1.1571443517761548,-0.9191951838952687,-0.31717104994778084,0.010700499758263088,1.1571443517761548,0
1.3634095992021944,-0.9131751236555742,-0.6813755904613489,2.1136903206465303,1.815599819542394,-0.6387765764756294,-1.5118578920369088,-0.5429499644318405,-0.5594989053861664,-0.8636145033325247,-0.836438809028894,0.9546503761693188,1.1571443517761548,1.0879082239773117,-0.31717104994778084,-0.6392056223924054,1.1571443517761548,0
2.3988663295911765,1.1747121361877952,1.0639204336289412,2.1136903206465303,-1.2300622567354582,1.972264590583709,-1.5118578920369088,-0.5429499644318405,-0.5594989053861664,1.004391789142215,0.7578782579046334,0.9546503761693188,1.1571443517761548,-0.9191951838952687,-0.31717104994778084,-0.09016236427718473,1.1571443517761548,0
0.5339785647396647,0.40871576203142285,1.1856286640397005,2.1136903206465303,-0.5863200451585485,-0.6547178097520028,0.6614378277661477,-0.5429499644318405,-0.5594989053861664,0.7708910025828726,-0.836438809028894,0.9546503761693188,1.1571443517761548,1.0879082239773117,-0.31717104994778084,-0.3399180276030557,1.1571443517761548,0
-0.7314809899810042,-0.46670866557585994,-0.3551975329605137,2.1136903206465303,-0.8147447008793874,1.972264590583709,0.6614378277661477,-0.5429499644318405,-0.5594989053861664,-1.097115289891867,0.7578782579046334,0.9546503761693188,1.1571443517761548,1.0879082239773117,-0.31717104994778084,-0.35272025135267315,1.1571443517761548,0
0.1272554236434779,-0.6855647724776807,1.7941698160934976,0.446894524936695,-1.2300622567354582,-0.6547178097520028,0.6614378277661477,-0.5429499644318405,-0.5594989053861664,-0.8636145033325247,-0.836438809028894,0.9546503761693188,1.1571443517761548,1.0879082239773117,-0.31717104994778084,-0.67012383248101,1.1571443517761548,0
-0.856694882763891,1.5029962965405264,-0.8834112529432095,2.1136903206465303,-1.2300622567354582,-0.6547178097520028,-1.5118578920369088,1.783978454561761,1.7944903916653874,0.3038894294641877,-0.4378595422955121,0.9546503761693188,1.1571443517761548,1.0879082239773117,-0.31717104994778084,3.0239785628172684,1.1571443517761548,0
-0.2501623382907566,-0.34852636784887675,0.3531443680301061,-0.2939036064898985,-0.745525108236709,-0.6547178097520028,-1.5118578920369088,1.783978454561761,1.7944903916653874,1.7048941488202425,-0.836438809028894,0.9546503761693188,1.1571443517761548,-0.9191951838952687,-0.31717104994778084,-0.46426671591148716,1.1571443517761548,0
2.5705914112712525,2.268992670696899,-0.8834112529432095,2.1136903206465303,-1.2300622567354582,1.972264590583709,-1.5118578920369088,-0.5429499644318405,-0.5594989053861664,-0.3966129302138397,1.1564575246380153,0.9546503761693188,1.1571443517761548,-0.9191951838952687,-0.31717104994778084,4.171293641220489,1.1571443517761548,0
-0.29456442793007837,-0.5761367190267702,1.1442478657000423,0.07649545922339826,0.02281237009702194,-0.6547178097520028,0.6614378277661477,-0.5429499644318405,-0.5594989053861664,0.5373902160235301,-0.836438809028894,0.9546503761693188,1.1571443517761548,1.0879082239773117,-0.31717104994778084,-0.618838044160953,1.1571443517761548,0
0.2453649820840735,-0.996340444278266,-0.863937936077488,-0.2939036064898985,0.7080863372595387,1.972264590583709,0.6614378277661477,1.783978454561761,1.7944903916653874,0.7708910025828726,-2.0321766092290394,0.9546503761693188,1.1571443517761548,1.0879082239773117,-0.31717104994778084,-0.720555264498734,1.1571443517761548,0
-0.32386980709203056,-0.5761367190267702,-0.3965783313001719,0.8172935906499917,-0.26098795973795974,1.972264590583709,0.6614378277661477,-0.5429499644318405,-0.5594989053861664,1.7048941488202425,-0.836438809028894,0.9546503761693188,1.1571443517761548,-0.9191951838952687,-0.31717104994778084,-0.4179666723923904,1.1571443517761548,0
1.1263024405282165,-0.5761367190267702,-0.031453640067893626,0.07649545922339826,-1.2300622567354582,-0.6148647265610692,0.6614378277661477,-0.5429499644318405,-0.5594989053861664,0.7708910025828726,0.7578782579046334,0.9546503761693188,1.1571443517761548,1.0879082239773117,-0.31717104994778084,-0.507367847332901,1.1571443517761548,0
-0.5538726314237173,-0.6396049900282983,-0.07283443840755181,-0.2939036064898985,1.504111652650341,-0.6015803654974246,0.6614378277661477,-0.5429499644318405,-0.5594989053861664,1.7048941488202425,0.7578782579046334,0.9546503761693188,1.1571443517761548,1.0879082239773117,-0.31717104994778084,-0.5354350079458694,1.1571443517761548,0
0.06065228918449533,-0.6308507457522254,-0.863937936077488,-0.6643026722031953,1.4902677341218054,-0.6547178097520028,0.6614378277661477,1.783978454561761,1.7944903916653874,-0.3966129302138397,-0.836438809028894,0.9546503761693188,-0.8641964146176347,1.0879082239773117,-0.31717104994778084,-0.19417719281374035,-0.8641964146176347,0
2.5705914112712525,2.59727683104963,2.190938647232573,-0.6643026722031953,-1.0847011121858334,1.972264590583709,-1.5118578920369088,-0.5429499644318405,-0.5594989053861664,1.004391789142215,0.7578782579046334,0.9546503761693188,-0.8641964146176347,1.0879082239773117,-0.31717104994778084,-0.00636276671389905,-0.8641964146176347,0
0.8447931922149166,1.1747121361877952,-0.031453640067893626,-0.6643026722031953,-1.0293254380716907,1.5690842323020966,-1.5118578920369088,-0.5429499644318405,-0.5594989053861664,1.004391789142215,-0.836438809028894,0.9546503761693188,-0.8641964146176347,-0.9191951838952687,-0.31717104994778084,0.446244685365879,-0.8641964146176347,0
-1.0644966622759169,1.065284082736885,-0.3965783313001719,-0.6643026722031953,-0.8147447008793874,0.40803107533956207,0.6614378277661477,-0.5429499644318405,-0.5594989053861664,1.004391789142215,0.7578782579046334,0.9546503761693188,-0.8641964146176347,1.0879082239773117,-0.31717104994778084,0.8112994830396307,-0.8641964146176347,0
0.0899576683464475,-0.8956666351034285,-0.863937936077488,-0.6643026722031953,1.815599819542394,1.972264590583709,-1.5118578920369088,-0.5429499644318405,-0.5594989053861664,-0.8636145033325247,0.7578782579046334,0.9546503761693188,-0.8641964146176347,-0.9191951838952687,-0.31717104994778084,-0.5755648974477777,-0.8641964146176347,0
0.47536780641576026,-0.3025665853994944,2.190938647232573,-0.6643026722031953,-0.524022411780138,1.0430235341817722,0.6614378277661477,-0.5429499644318405,-0.5594989053861664,1.004391789142215,-0.836438809028894,0.9546503761693188,-0.8641964146176347,1.0879082239773117,-0.31717104994778084,-0.6001299686997466,-0.8641964146176347,0
0.5490752752170341,-0.7676358125658633,-0.15316187047865304,-0.6643026722031953,1.7533021861639835,-0.6547178097520028,0.6614378277661477,1.783978454561761,1.7944903916653874,-0.6301137167731822,0.7578782579046334,-1.0475039081979456,-0.8641964146176347,1.0879082239773117,-0.31717104994778084,-0.5982590418557535,-0.8641964146176347,0
-0.5538726314237173,-0.4579544212997871,-0.7617030225324501,-0.6643026722031953,1.3310626710436448,-0.6547178097520028,-1.5118578920369088,1.783978454561761,1.7944903916653874,-1.3306160764512096,0.7578782579046334,0.9546503761693188,-0.8641964146176347,1.0879082239773117,-0.31717104994778084,-0.07967262641749814,-0.8641964146176347,0
0.8891952818542384,-1.0138489328304117,2.190938647232573,-0.6643026722031953,-1.2300622567354582,-0.6547178097520028,0.6614378277661477,-0.5429499644318405,-0.5594989053861664,-1.097115289891867,-2.0321766092290394,0.9546503761693188,-0.8641964146176347,-0.9191951838952687,-0.31717104994778084,-0.745770980507596,-0.8641964146176347,0
2.1919525918719374,1.721852403442347,2.190938647232573,-0.6643026722031953,-1.06393523439303,1.972264590583709,0.6614378277661477,-0.5429499644318405,-0.5594989053861664,0.5373902160235301,-0.836438809028894,0.9546503761693188,-0.8641964146176347,1.0879082239773117,-0.31717104994778084,-0.1856132427850983,-0.8641964146176347,0
1.6440308057227073,1.9593112794308227,2.190938647232573,-0.6643026722031953,-1.2300622567354582,-0.6547178097520028,-1.5118578920369088,-0.5429499644318405,-0.5594989053861664,0.5373902160235301,-0.836438809028894,0.9546503761693188,-0.8641964146176347,1.0879082239773117,-0.31717104994778084,-0.13699155115078546,-0.8641964146176347,0
-0.7678907034852477,1.2841401896387057,-0.23348930254975428,-0.6643026722031953,-0.5378663303086736,-0.6547178097520028,0.6614378277661477,-0.5429499644318405,-0.5594989053861664,1.004391789142215,-0.836438809028894,0.9546503761693188,-0.8641964146176347,-0.9191951838952687,-0.31717104994778084,0.728295501380909,-0.8641964146176347,0
-0.3833686072087218,-0.6855647724776807,-0.7008489073270704,-0.6643026722031953,0.5696471519741818,1.972264590583709,0.6614378277661477,1.783978454561761,1.7944903916653874,1.4713933622609,0.7578782579046334,0.9546503761693188,-0.8641964146176347,1.0879082239773117,-0.31717104994778084,-0.38816628074555354,-0.8641964146176347,0
-0.5609769657660086,1.721852403442347,0.5770875119859035,-0.6643026722031953,-1.0916230714501014,-0.6547178097520028,0.6614378277661477,-0.5429499644318405,-0.5594989053861664,-1.3306160764512096,0.7578782579046334,0.9546503761693188,-0.8641964146176347,1.0879082239773117,3.2705014822484286,0.2786174823524216,-0.8641964146176347,0
-0.46506845214507386,0.8825392334738645,-0.19454266881831123,-0.6643026722031953,-0.12254877445260284,-0.256186977842666,-1.5118578920369088,-0.5429499644318405,-0.5594989053861664,-1.3306160764512096,0.7578782579046334,0.9546503761693188,-0.8641964146176347,-0.9191951838952687,-0.31717104994778084,0.4303881622742908,-0.8641964146176347,0
-1.1453084654194823,1.0105700560114297,-0.294343417755134,0.8172935906499917,-0.8147447008793874,0.7799931851216098,-1.5118578920369088,-0.5429499644318405,-0.5594989053861664,1.004391789142215,0.7578782579046334,0.9546503761693188,1.1571443517761548,-0.9191951838952687,-0.31717104994778084,0.6262606258569525,1.1571443517761548,0
-0.9899011516818562,0.7742054605574634,0.07078127347714426,2.1136903206465303,-0.8147447008793874,-0.23493200014083468,0.6614378277661477,-0.5429499644318405,-0.5594989053861664,-1.3306160764512096,0.7578782579046334,0.9546503761693188,1.1571443517761548,-0.9191951838952687,-0.31717104994778084,0.15901320776984657,1.1571443517761548,0
1.452213778480838,-0.9503806618288837,2.190938647232573,2.1136903206465303,-1.2300622567354582,1.972264590583709,0.6614378277661477,-0.5429499644318405,-0.5594989053861664,-1.097115289891867,-2.0321766092290394,0.9546503761693188,1.1571443517761548,-0.9191951838952687,-0.31717104994778084,-0.732775320992434,1.1571443517761548,0
-0.8939926380609214,-0.5028199232146603,-0.6399947921216907,0.8172935906499917,-0.6763055155940305,-0.6547178097520028,-1.5118578920369088,-0.5429499644318405,-0.5594989053861664,0.0703886429048452,-2.0321766092290394,0.9546503761693188,1.1571443517761548,-0.9191951838952687,3.2705014822484286,-0.23548894087492592,1.1571443517761548,0
-0.9454990620425345,-0.35728061212494955,-0.8030838208721083,0.446894524936695,-0.5378663303086736,-0.6387765764756294,-1.5118578920369088,-0.5429499644318405,-0.5594989053861664,1.004391789142215,0.7578782579046334,0.9546503761693188,1.1571443517761548,-0.9191951838952687,-0.31717104994778084,0.0983602850251224,1.1571443517761548,0
2.287861105492872,2.6013803830540385,1.7941698160934976,1.928490787789882,-1.2300622567354582,1.972264590583709,-1.5118578920369088,-0.5429499644318405,-0.5594989053861664,-1.097115289891867,0.7578782579046334,0.9546503761693188,1.1571443517761548,-0.9191951838952687,-0.31717104994778084,0.08729323713518128,1.1571443517761548,0
-0.7900917483049085,0.2259709127684026,0.3750518495040428,1.928490787789882,-0.33712951164490607,1.972264590583709,-1.5118578920369088,-0.5429499644318405,-0.5594989053861664,1.004391789142215,0.7578782579046334,0.9546503761693188,1.1571443517761548,-0.9191951838952687,-0.31717104994778084,-0.2277761672655765,1.1571443517761548,0
1.5481222921017728,0.8464279758350642,2.190938647232573,2.1136903206465303,0.02281237009702194,1.972264590583709,0.6614378277661477,-0.5429499644318405,-0.5594989053861664,-1.097115289891867,-0.836438809028894,0.9546503761693188,1.1571443517761548,-0.9191951838952687,-0.31717104994778084,-0.3648637188562976,1.1571443517761548,0
0.7710857234136427,0.40871576203142285,0.8205039728074223,-0.2939036064898985,-1.2300622567354582,0.6737182966124533,0.6614378277661477,-0.5429499644318405,-0.5594989053861664,-1.3306160764512096,-2.0321766092290394,0.9546503761693188,1.1571443517761548,-0.9191951838952687,-0.31717104994778084,-0.2722758687856323,1.1571443517761548,0
0.8225921473952558,0.08043160167869182,1.5507533552719788,1.928490787789882,-1.2300622567354582,1.972264590583709,0.6614378277661477,-0.5429499644318405,-0.5594989053861664,-1.097115289891867,0.7578782579046334,0.9546503761693188,1.1571443517761548,-0.9191951838952687,-0.31717104994778084,-0.4726007237449246,1.1571443517761548,0
-0.2350656278133871,-0.7862385816525181,0.3336710511643846,1.1876926563632886,0.8465255225448957,1.972264590583709,-1.5118578920369088,-0.5429499644318405,-0.5594989053861664,-1.097115289891867,0.7578782579046334,0.9546503761693188,1.1571443517761548,1.0879082239773117,-0.31717104994778084,-0.6483662718105063,1.1571443517761548,0
0.15656080280543008,-0.0016394384094909394,-0.09230775527327334,0.07649545922339826,-1.2300622567354582,-0.6547178097520028,-1.5118578920369088,-0.5429499644318405,-0.5594989053861664,1.004391789142215,-0.836438809028894,0.9546503761693188,1.1571443517761548,-0.9191951838952687,-0.31717104994778084,-0.16821100906651942,1.1571443517761548,0
-0.8868883037186301,1.2841401896387057,0.5770875119859035,-0.6643026722031953,-1.2300622567354582,-0.6547178097520028,0.6614378277661477,-0.5429499644318405,-0.5594989053861664,-1.097115289891867,0.7578782579046334,0.9546503761693188,-0.8641964146176347,1.0879082239773117,-0.31717104994778084,0.11471532829481879,-0.8641964146176347,0
0.9486940819709295,-0.9689834309155384,1.6116074704773584,-0.6643026722031953,1.5387214489716803,-0.6547178097520028,0.6614378277661477,-0.5429499644318405,-0.5594989053861664,0.0703886429048452,-0.836438809028894,0.9546503761693188,-0.8641964146176347,-0.9191951838952687,-0.31717104994778084,-0.7347995710114953,-0.8641964146176347,0
0.9264930371512687,-0.8037470702046638,0.3336710511643846,-0.6643026722031953,2.3001369680411434,0.9394055178853445,0.6614378277661477,-0.5429499644318405,-0.5594989053861664,1.7048941488202425,0.7578782579046334,0.9546503761693188,-0.8641964146176347,-0.9191951838952687,-0.31717104994778084,-0.6558589417102824,-0.8641964146176347,0
-0.7678907034852477,-0.6669620033910258,0.6184683103255616,1.5580917220765853,-0.6763055155940305,-0.6547178097520028,0.6614378277661477,1.783978454561761,1.7944903916653874,1.4713933622609,0.7578782579046334,0.9546503761693188,1.1571443517761548,-0.9191951838952687,-0.31717104994778084,-0.6185813040418431,1.1571443517761548,0
0.28266273738110387,-0.12967026094705603,2.190938647232573,1.928490787789882,0.11971979979677179,-0.6547178097520028,0.6614378277661477,1.783978454561761,1.7944903916653874,0.0703886429048452,-2.0321766092290394,0.9546503761693188,1.1571443517761548,1.0879082239773117,-0.31717104994778084,-0.5647279996756848,1.1571443517761548,0
-0.2723633831104175,0.08918584595476466,-0.15316187047865304,2.1136903206465303,-0.23330012268088837,-0.6361197042629004,0.6614378277661477,1.783978454561761,1.7944903916653874,-1.097115289891867,-2.0321766092290394,0.9546503761693188,1.1571443517761548,1.0879082239773117,-0.31717104994778084,-0.08491749534734144,1.1571443517761548,0
0.16455317894050828,-0.32116935448614914,0.6574149440570047,0.446894524936695,1.4002822636863235,-0.6547178097520028,0.6614378277661477,1.783978454561761,1.7944903916653874,1.7048941488202425,0.7578782579046334,0.9546503761693188,1.1571443517761548,1.0879082239773117,-0.31717104994778084,-0.49667118814634137,1.1571443517761548,0
1.4966158681201596,0.6549288822959711,2.190938647232573,2.1136903206465303,-1.2300622567354582,1.4442112383038377,0.6614378277661477,-0.5429499644318405,-0.5594989053861664,1.4713933622609,-0.836438809028894,0.9546503761693188,1.1571443517761548,-0.9191951838952687,-0.31717104994778084,-0.40407476049687246,1.1571443517761548,0
-0.33186218322710875,-0.5673824747506975,0.09025459034286579,0.446894524936695,1.3310626710436448,0.833130629376188,0.6614378277661477,1.783978454561761,1.7944903916653874,-1.3306160764512096,0.7578782579046334,0.9546503761693188,1.1571443517761548,1.0879082239773117,-0.31717104994778084,-0.5228640509892561,1.1571443517761548,0
-0.7758830796203259,1.1834663804638679,-0.863937936077488,2.1136903206465303,-0.8147447008793874,0.39740358648864643,0.6614378277661477,-0.5429499644318405,-0.5594989053861664,1.7048941488202425,0.7578782579046334,0.9546503761693188,1.1571443517761548,-0.9191951838952687,-0.31717104994778084,2.418801378604581,1.1571443517761548,0
-0.6426768107023607,-0.9044208793795013,-0.27487010088941244,-0.2939036064898985,-1.2300622567354582,1.1466415504781997,-1.5118578920369088,-0.5429499644318405,-0.5594989053861664,1.004391789142215,-0.836438809028894,0.9546503761693188,1.1571443517761548,-0.9191951838952687,-0.31717104994778084,-0.672925578704217,1.1571443517761548,0
0.8891952818542384,-0.794992825928591,0.21196282075362521,-0.6643026722031953,-1.2300622567354582,0.14234385406667086,-1.5118578920369088,-0.5429499644318405,-0.5594989053861664,0.0703886429048452,-2.0321766092290394,0.9546503761693188,-0.8641964146176347,1.0879082239773117,-0.31717104994778084,-0.6449081164721481,-0.8641964146176347,0
-0.5760736762433781,-0.41199463885040477,0.21196282075362521,1.5580917220765853,-0.12254877445260284,0.9394055178853445,0.6614378277661477,-0.5429499644318405,-0.5594989053861664,-1.097115289891867,0.7578782579046334,0.9546503761693188,1.1571443517761548,-0.9191951838952687,-0.31717104994778084,-0.46839810441011426,1.1571443517761548,0
-0.9383947277002431,1.2294261629132506,-0.5377598785766529,0.07649545922339826,-0.8908862527863338,-0.6547178097520028,-1.5118578920369088,-0.5429499644318405,-0.5594989053861664,1.004391789142215,0.7578782579046334,0.9546503761693188,1.1571443517761548,1.0879082239773117,-0.31717104994778084,1.2191378839256541,1.1571443517761548,0
0.44517438546102117,-0.5487797056640427,-0.8420304546035514,-0.2939036064898985,-0.883964293522066,1.972264590583709,0.6614378277661477,1.783978454561761,1.7944903916653874,1.4713933622609,0.7578782579046334,0.9546503761693188,1.1571443517761548,-0.9191951838952687,-0.31717104994778084,-0.10375793465984301,1.1571443517761548,0
0.364362582317456,1.6124243499914368,2.190938647232573,2.1136903206465303,-1.2300622567354582,1.972264590583709,-1.5118578920369088,-0.5429499644318405,-0.5594989053861664,1.004391789142215,-0.836438809028894,0.9546503761693188,1.1571443517761548,-0.9191951838952687,-0.31717104994778084,-0.2080195522939982,1.1571443517761548,0
2.5705914112712525,-1.0138489328304117,-0.8834112529432095,-0.6643026722031953,-0.12254877445260284,-0.6547178097520028,-1.5118578920369088,-0.5429499644318405,-0.5594989053861664,-1.097115289891867,0.7578782579046334,-1.0475039081979456,-0.8641964146176347,-0.9191951838952687,1.476665216150324,-0.745770980507596,-0.8641964146176347,0
-0.2350656278133871,1.0291728250980847,1.874497248164599,1.5580917220765853,1.4072042229505912,-0.20836327801354557,0.6614378277661477,-0.5429499644318405,-0.5594989053861664,1.004391789142215,-0.836438809028894,0.9546503761693188,1.1571443517761548,-0.9191951838952687,-0.31717104994778084,-0.286648217378497,1.1571443517761548,0
0.34216153749779515,-0.46670866557585994,1.30733689445046,1.928490787789882,-0.1917683670952813,1.972264590583709,0.6614378277661477,-0.5429499644318405,-0.5594989053861664,0.5373902160235301,0.7578782579046334,0.9546503761693188,1.1571443517761548,-0.9191951838952687,-0.31717104994778084,-0.5967690222734117,1.1571443517761548,0
0.726683633774321,-0.0837104784976737,2.190938647232573,2.1136903206465303,-0.42019302281612025,1.972264590583709,0.6614378277661477,-0.5429499644318405,-0.5594989053861664,-1.097115289891867,-2.0321766092290394,0.9546503761693188,1.1571443517761548,-0.9191951838952687,-0.31717104994778084,-0.5553173496819468,1.1571443517761548,0
0.7115869232969515,0.27193069521778496,2.190938647232573,2.1136903206465303,1.5317994897074125,-0.6547178097520028,0.6614378277661477,-0.5429499644318405,-0.5594989053861664,-0.8636145033325247,-0.836438809028894,0.9546503761693188,1.1571443517761548,1.0879082239773117,-0.31717104994778084,-0.4824968437780221,1.1571443517761548,0
-0.6204757658826999,0.43607277539415046,1.7941698160934976,-0.6643026722031953,-0.5378663303086736,-0.6547178097520028,0.6614378277661477,1.783978454561761,1.7944903916653874,-0.6301137167731822,0.7578782579046334,0.9546503761693188,-0.8641964146176347,1.0879082239773117,3.2705014822484286,-0.4116627433901749,-0.8641964146176347,0
2.5542736433288025,2.1595646172459886,2.190938647232573,2.1136903206465303,-1.2300622567354582,1.972264590583709,0.6614378277661477,-0.5429499644318405,-0.5594989053861664,-0.16311214365449725,-1.2350180757622757,0.9546503761693188,1.1571443517761548,1.0879082239773117,-0.31717104994778084,-0.09598800474949865,1.1571443517761548,0
-0.7314809899810042,1.5029962965405264,0.8205039728074223,2.1136903206465303,-0.8424325379364589,1.31668137209285,0.6614378277661477,-0.5429499644318405,-0.5594989053861664,0.0703886429048452,0.7578782579046334,0.9546503761693188,1.1571443517761548,-0.9191951838952687,-0.31717104994778084,0.09195114023126277,1.1571443517761548,0
-0.412673986370674,-0.42074888312647757,1.6724615856827383,-0.2939036064898985,0.23047114802505733,-0.6547178097520028,0.6614378277661477,1.783978454561761,1.7944903916653874,-0.8636145033325247,0.7578782579046334,0.9546503761693188,1.1571443517761548,-0.9191951838952687,-0.31717104994778084,-0.6036350325088429,1.1571443517761548,0
1.4966158681201596,-0.24785255867403921,0.8205039728074223,-0.6643026722031953,0.3619883740461464,-0.6547178097520028,0.6614378277661477,-0.5429499644318405,-0.5594989053861664,-1.3306160764512096,0.7578782579046334,0.9546503761693188,-0.8641964146176347,-0.9191951838952687,3.2705014822484286,-0.49081207419576944,-0.8641964146176347,0
0.8749866131696556,-0.12967026094705603,2.190938647232573,2.1136903206465303,0.9849647078302526,-0.6547178097520028,0.6614378277661477,-0.5429499644318405,-0.5594989053861664,-0.8636145033325247,-0.836438809028894,0.9546503761693188,1.1571443517761548,-0.9191951838952687,-0.31717104994778084,-0.5647279996756848,1.1571443517761548,0
2.184848257529646,1.5029962965405264,1.5507533552719788,1.1876926563632886,-1.2300622567354582,1.972264590583709,0.6614378277661477,-0.5429499644318405,-0.5594989053861664,-0.16311214365449725,-1.2350180757622757,0.9546503761693188,1.1571443517761548,-0.9191951838952687,-0.31717104994778084,-0.11747938995345185,1.1571443517761548,0
2.0072398989723594,1.0926410960996125,2.190938647232573,1.1876926563632886,-1.2300622567354582,-0.6547178097520028,0.6614378277661477,-0.5429499644318405,-0.5594989053861664,-0.3966129302138397,0.7578782579046334,0.9546503761693188,1.1571443517761548,-0.9191951838952687,-0.31717104994778084,-0.3144495224612728,1.1571443517761548,0
-1.1009063757801605,1.0105700560114297,-0.3965783313001719,0.8172935906499917,-0.6763055155940305,0.6737182966124533,-1.5118578920369088,1.783978454561761,1.7944903916653874,-1.097115289891867,0.7578782579046334,0.9546503761693188,1.1571443517761548,1.0879082239773117,-0.31717104994778084,0.77032394452523,1.1571443517761548,0
1.6662318505423683,1.7306066477184197,0.23143613761934673,0.446894524936695,-0.1502366115096742,-0.6547178097520028,-1.5118578920369088,-0.5429499644318405,-0.5594989053861664,-1.3306160764512096,0.7578782579046334,0.9546503761693188,1.1571443517761548,1.0879082239773117,-0.31717104994778084,0.5036715799071998,1.1571443517761548,0
2.5705914112712525,1.393568243089616,2.190938647232573,1.928490787789882,-1.0777791529215657,-0.6547178097520028,0.6614378277661477,-0.5429499644318405,-0.5594989053861664,-0.3966129302138397,1.1564575246380153,0.9546503761693188,1.1571443517761548,1.0879082239773117,-0.31717104994778084,-0.252832171311798,1.1571443517761548,0
-1.219903976013543,0.9558560292859746,-0.21401598568403277,-0.6643026722031953,-1.2300622567354582,-0.6547178097520028,-1.5118578920369088,-0.5429499644318405,-0.5594989053861664,-1.3306160764512096,0.7578782579046334,0.9546503761693188,-0.8641964146176347,1.0879082239773117,-0.31717104994778084,0.49643481866581474,-0.8641964146176347,0
-1.1088987519152387,1.0740383270129576,-0.8420304546035514,-0.6643026722031953,-0.5378663303086736,-0.6547178097520028,-1.5118578920369088,-0.5429499644318405,-0.5594989053861664,-1.3306160764512096,0.7578782579046334,0.9546503761693188,-0.8641964146176347,-0.9191951838952687,-0.31717104994778084,2.136489940615963,-0.8641964146176347,0
0.571276320036695,0.18985965512960218,-0.8225571377378299,-0.6643026722031953,0.34814445551761075,-0.6547178097520028,-1.5118578920369088,-0.5429499644318405,-0.5594989053861664,1.004391789142215,0.7578782579046334,0.9546503761693188,-0.8641964146176347,1.0879082239773117,-0.31717104994778084,0.8568278591667428,-0.8641964146176347,0
-0.7163842795036346,-0.13842450522312888,-0.7617030225324501,-0.6643026722031953,-0.12254877445260284,-0.6547178097520028,0.6614378277661477,-0.5429499644318405,-0.5594989053861664,-1.097115289891867,-2.0321766092290394,0.9546503761693188,-0.8641964146176347,1.0879082239773117,-0.31717104994778084,0.3032028054610621,-0.8641964146176347,0
-1.1755018863742213,0.18985965512960218,-0.6399947921216907,-0.6643026722031953,-0.6763055155940305,-0.6547178097520028,0.6614378277661477,-0.5429499644318405,-0.5594989053861664,0.5373902160235301,0.7578782579046334,0.9546503761693188,-0.8641964146176347,-0.9191951838952687,-0.31717104994778084,0.45617814924815797,-0.8641964146176347,0
-0.7829874139626172,0.8376737315589916,0.3141977342986631,-0.6643026722031953,-0.09486093739553145,-0.6547178097520028,-1.5118578920369088,1.783978454561761,1.7944903916653874,1.7048941488202425,0.7578782579046334,-1.0475039081979456,-0.8641964146176347,-0.9191951838952687,-0.31717104994778084,0.05573897517293579,-0.8641964146176347,0
-1.034303241321178,-0.9317778927422289,0.09025459034286579,0.07649545922339826,-0.6763055155940305,-0.6547178097520028,0.6614378277661477,-0.5429499644318405,-0.5594989053861664,1.004391789142215,0.7578782579046334,0.9546503761693188,1.1571443517761548,1.0879082239773117,-0.31717104994778084,-0.7047954419931953,1.1571443517761548,0
-0.8202851692596476,1.393568243089616,-0.5596673600505895,-0.6643026722031953,-0.5378663303086736,-0.6547178097520028,0.6614378277661477,-0.5429499644318405,-0.5594989053861664,-0.8636145033325247,0.7578782579046334,0.9546503761693188,-0.8641964146176347,-0.9191951838952687,-0.31717104994778084,1.419903127160429,-0.8641964146176347,0
-0.5458802552886391,-0.24785255867403921,-0.579140676916311,1.928490787789882,-1.2300622567354582,1.972264590583709,0.6614378277661477,-0.5429499644318405,-0.5594989053861664,-0.8636145033325247,0.7578782579046334,0.9546503761693188,1.1571443517761548,-0.9191951838952687,-0.31717104994778084,-0.039730932259460824,1.1571443517761548,0
1.430012733661177,-0.35728061212494955,2.190938647232573,0.07649545922339826,2.362434601419554,1.972264590583709,-1.5118578920369088,-0.5429499644318405,-0.5594989053861664,1.7048941488202425,0.7578782579046334,0.9546503761693188,1.1571443517761548,1.0879082239773117,-0.31717104994778084,-0.6113331234541965,1.1571443517761548,0
0.19385855810246047,-0.6308507457522254,1.30733689445046,0.8172935906499917,0.5211934371243069,1.6222216765566748,0.6614378277661477,-0.5429499644318405,-0.5594989053861664,1.7048941488202425,-0.836438809028894,0.9546503761693188,1.1571443517761548,1.0879082239773117,-0.31717104994778084,-0.641469609743667,1.1571443517761548,0
-0.32386980709203056,1.995422537069623,1.915878046504257,-0.6643026722031953,2.140931904962983,0.6737182966124533,0.6614378277661477,-0.5429499644318405,-0.5594989053861664,1.4713933622609,0.7578782579046334,0.9546503761693188,-0.8641964146176347,1.0879082239773117,-0.31717104994778084,-0.0780214639766215,-0.8641964146176347,0
2.4068587057262545,2.6013803830540385,2.190938647232573,2.1136903206465303,-1.2300622567354582,1.972264590583709,-1.5118578920369088,-0.5429499644318405,-0.5594989053861664,0.0703886429048452,-2.0321766092290394,0.9546503761693188,1.1571443517761548,-0.9191951838952687,-0.31717104994778084,-0.005522530107315342,1.1571443517761548,0
-0.9454990620425345,-0.6122479766655707,0.13163538868252397,1.1876926563632886,0.29276878140346796,1.972264590583709,-1.5118578920369088,-0.5429499644318405,-0.5594989053861664,1.004391789142215,0.7578782579046334,0.9546503761693188,1.1571443517761548,-0.9191951838952687,-0.31717104994778084,-0.5507885152267525,1.1571443517761548,0
-0.45707607600999567,-0.9591349061049564,-0.8834112529432095,-0.6643026722031953,-1.2300622567354582,-0.6547178097520028,0.6614378277661477,-0.5429499644318405,-0.5594989053861664,0.0703886429048452,-2.0321766092290394,0.9546503761693188,-0.8641964146176347,1.0879082239773117,-0.31717104994778084,-0.6638199034787946,-0.8641964146176347,0
-0.8868883037186301,0.6275718689332436,-0.19454266881831123,-0.2939036064898985,-0.6763055155940305,1.972264590583709,0.6614378277661477,-0.5429499644318405,-0.5594989053861664,-1.3306160764512096,0.7578782579046334,0.9546503761693188,1.1571443517761548,-0.9191951838952687,-0.31717104994778084,0.27225482109242155,1.1571443517761548,0
1.0224015507722035,-0.0016394384094909394,1.346283528181903,-0.6643026722031953,-1.2300622567354582,-0.6547178097520028,0.6614378277661477,-0.5429499644318405,-0.5594989053861664,1.004391789142215,0.7578782579046334,0.9546503761693188,-0.8641964146176347,-0.9191951838952687,3.2705014822484286,-0.4740693810393476,-0.8641964146176347,0
0.6085740753337254,1.202069149550523,0.3336710511643846,1.5580917220765853,2.369356560683822,-0.13397085605713602,0.6614378277661477,-0.5429499644318405,-0.5594989053861664,1.7048941488202425,0.7578782579046334,0.9546503761693188,1.1571443517761548,-0.9191951838952687,-0.31717104994778084,0.20252005368282028,1.1571443517761548,0
-0.960595772519904,1.1747121361877952,0.3336710511643846,-0.6643026722031953,-0.9531838861647445,-0.6547178097520028,0.6614378277661477,1.783978454561761,1.7944903916653874,-1.097115289891867,0.7578782579046334,0.9546503761693188,-0.8641964146176347,-0.9191951838952687,3.2705014822484286,0.19081275696442013,-0.8641964146176347,0
1.503720202462451,2.6013803830540385,-0.031453640067893626,0.446894524936695,-0.3994271450233167,-0.6175215987737981,0.6614378277661477,-0.5429499644318405,-0.5594989053861664,1.4713933622609,0.7578782579046334,0.9546503761693188,1.1571443517761548,-0.9191951838952687,-0.31717104994778084,1.2232898975571502,1.1571443517761548,0
-0.26525904876812617,0.08043160167869182,2.190938647232573,-0.6643026722031953,-0.745525108236709,-0.6547178097520028,0.6614378277661477,-0.5429499644318405,-0.5594989053861664,1.4713933622609,0.7578782579046334,0.9546503761693188,-0.8641964146176347,1.0879082239773117,-0.31717104994778084,-0.5217078854185969,-0.8641964146176347,0
-1.11600308625753,0.6275718689332436,0.4359059647094225,1.1876926563632886,-0.12254877445260284,1.972264590583709,-1.5118578920369088,-0.5429499644318405,-0.5594989053861664,1.004391789142215,0.7578782579046334,0.9546503761693188,1.1571443517761548,-0.9191951838952687,-0.31717104994778084,-0.08309380776796199,1.1571443517761548,0
-1.1382041310771909,-0.5761367190267702,-0.15316187047865304,0.07649545922339826,-0.3994271450233167,0.14234385406667086,0.6614378277661477,-0.5429499644318405,-0.5594989053861664,0.0703886429048452,0.7578782579046334,0.9546503761693188,1.1571443517761548,-0.9191951838952687,-0.31717104994778084,-0.48352753401543147,1.1571443517761548,0
0.16455317894050828,-0.34852636784887675,0.10972790720858731,-0.2939036064898985,0.015890410832754092,1.972264590583709,0.6614378277661477,1.783978454561761,1.7944903916653874,-1.097115289891867,-0.836438809028894,0.9546503761693188,1.1571443517761548,1.0879082239773117,-0.31717104994778084,-0.4179666723923904,1.1571443517761548,0
1.2151066198068599,0.8464279758350642,2.190938647232573,-0.2939036064898985,-0.6209298414798878,1.972264590583709,0.6614378277661477,-0.5429499644318405,-0.5594989053861664,-0.8636145033325247,-0.836438809028894,0.9546503761693188,1.1571443517761548,1.0879082239773117,-0.31717104994778084,-0.3648637188562976,1.1571443517761548,0
-1.034303241321178,-0.9678891503810293,-0.7422297056667286,2.1136903206465303,-0.6763055155940305,-0.3916874606918405,-1.5118578920369088,-0.5429499644318405,-0.5594989053861664,1.004391789142215,-0.836438809028894,0.9546503761693188,1.1571443517761548,-0.9191951838952687,-0.31717104994778084,-0.6924074884888417,1.1571443517761548,0
-0.6053790554053303,1.7765664301678021,1.4290451248612195,0.07649545922339826,-0.7247592304439054,0.5249334526996342,0.6614378277661477,-0.5429499644318405,-0.5594989053861664,-1.097115289891867,-2.0321766092290394,0.9546503761693188,1.1571443517761548,-0.9191951838952687,-0.31717104994778084,-0.018900558165183483,1.1571443517761548,0
-0.8424862140793085,1.393568243089616,-0.7422297056667286,1.5580917220765853,-0.39250518575904886,-0.6547178097520028,0.6614378277661477,-0.5429499644318405,-0.5594989053861664,1.7048941488202425,0.7578782579046334,0.9546503761693188,1.1571443517761548,-0.9191951838952687,-0.31717104994778084,2.0494595538081106,1.1571443517761548,0
0.7932867682333036,2.6013803830540385,2.190938647232573,2.1136903206465303,-1.2300622567354582,1.972264590583709,0.6614378277661477,-0.5429499644318405,-0.5594989053861664,-0.3966129302138397,1.1564575246380153,0.9546503761693188,1.1571443517761548,-0.9191951838952687,-0.31717104994778084,-0.005522530107315342,1.1571443517761548,0
0.8971876579893165,0.08043160167869182,1.5507533552719788,1.5580917220765853,2.0232585974704294,-0.6547178097520028,0.6614378277661477,-0.5429499644318405,-0.5594989053861664,1.004391789142215,-0.836438809028894,0.9546503761693188,1.1571443517761548,1.0879082239773117,-0.31717104994778084,-0.4726007237449246,1.1571443517761548,0
-1.197702931193882,1.393568243089616,-0.3965783313001719,2.1136903206465303,-1.2300622567354582,1.972264590583709,-1.5118578920369088,-0.5429499644318405,-0.5594989053861664,1.7048941488202425,-0.836438809028894,0.9546503761693188,1.1571443517761548,-0.9191951838952687,-0.31717104994778084,1.057152714126035,1.1571443517761548,0
-0.7234886138459259,1.4209252564523436,-0.6594681089874123,-0.2939036064898985,-0.5378663303086736,-0.6547178097520028,0.6614378277661477,-0.5429499644318405,-0.5594989053861664,1.7048941488202425,-0.836438809028894,0.9546503761693188,1.1571443517761548,-0.9191951838952687,-0.31717104994778084,1.7520529426305291,1.1571443517761548,0
-0.25371450546190233,-0.8770638660167738,-0.7617030225324501,-0.6643026722031953,1.4002822636863235,1.972264590583709,0.6614378277661477,-0.5429499644318405,-0.5594989053861664,0.5373902160235301,0.7578782579046334,-1.0475039081979456,-0.8641964146176347,-0.9191951838952687,-0.31717104994778084,-0.5818688264499932,-0.8641964146176347,1
-1.167509510239143,1.2294261629132506,-0.3551975329605137,-0.6643026722031953,0.9849647078302526,-0.620178470986527,0.6614378277661477,-0.5429499644318405,-0.5594989053861664,-1.097115289891867,-0.836438809028894,-1.0475039081979456,-0.8641964146176347,-0.9191951838952687,-0.31717104994778084,0.8657370090275878,-0.8641964146176347,1
-1.0049978621592257,1.4034167679001979,0.09025459034286579,-0.6643026722031953,-0.28867579679503114,-0.6547178097520028,0.6614378277661477,-0.5429499644318405,-0.5594989053861664,-1.097115289891867,0.7578782579046334,-1.0475039081979456,-0.8641964146176347,1.0879082239773117,-0.31717104994778084,0.46109521386988606,-0.8641964146176347,1
-1.0049978621592257,-1.0138489328304117,-0.6399947921216907,-0.6643026722031953,-0.23330012268088837,-0.6547178097520028,0.6614378277661477,-0.5429499644318405,-0.5594989053861664,-0.6301137167731822,0.7578782579046334,-1.0475039081979456,-0.8641964146176347,-0.9191951838952687,-0.31717104994778084,-0.745770980507596,-0.8641964146176347,1
-0.9383947277002431,1.0740383270129576,-0.863937936077488,-0.6643026722031953,0.15432959611811103,1.972264590583709,-1.5118578920369088,-0.5429499644318405,-0.5594989053861664,0.0703886429048452,0.7578782579046334,-1.0475039081979456,-0.8641964146176347,-0.9191951838952687,-0.31717104994778084,2.261203153549194,-0.8641964146176347,1
-0.6053790554053303,-0.6308507457522254,-0.8030838208721083,-0.6643026722031953,-0.31636363385210253,-0.6547178097520028,-1.5118578920369088,1.783978454561761,1.7944903916653874,-1.097115289891867,0.7578782579046334,-1.0475039081979456,-0.8641964146176347,-0.9191951838952687,-0.31717104994778084,-0.2533610756135103,-0.8641964146176347,1
0.1272554236434779,-0.5028199232146603,1.915878046504257,-0.6643026722031953,0.7911498484307529,-0.6547178097520028,0.6614378277661477,-0.5429499644318405,-0.5594989053861664,-0.6301137167731822,-0.836438809028894,-1.0475039081979456,-0.8641964146176347,1.0879082239773117,-0.31717104994778084,-0.632374971700336,-0.8641964146176347,1
1.8518325852347333,-1.0138489328304117,-0.8834112529432095,-0.6643026722031953,-1.2300622567354582,-0.6547178097520028,-1.5118578920369088,1.783978454561761,1.7944903916653874,-0.16311214365449725,-1.2350180757622757,-1.0475039081979456,-0.8641964146176347,-0.9191951838952687,-0.31717104994778084,-0.745770980507596,-0.8641964146176347,1
1.4966158681201596,-0.7216760301164811,-0.7203222241927919,-0.6643026722031953,-1.2300622567354582,-0.33589314422453337,-1.5118578920369088,-0.5429499644318405,-0.5594989053861664,0.0703886429048452,0.3592989911712516,-1.0475039081979456,-0.8641964146176347,-0.9191951838952687,-0.31717104994778084,-0.4179666723923904,-0.8641964146176347,1
-0.9677001068621953,1.2841401896387057,-0.8834112529432095,-0.6643026722031953,-0.1640805300382099,-0.5696978989446776,-1.5118578920369088,1.783978454561761,1.7944903916653874,1.7048941488202425,-0.836438809028894,-1.0475039081979456,-0.8641964146176347,1.0879082239773117,-0.31717104994778084,2.696174254702063,-0.8641964146176347,1
1.7257306506590595,-0.8858181102928465,-0.8834112529432095,-0.6643026722031953,-0.22637816341662054,-0.6547178097520028,0.6614378277661477,-0.5429499644318405,-0.5594989053861664,-0.16311214365449725,-1.2350180757622757,-1.0475039081979456,-0.8641964146176347,-0.9191951838952687,-0.31717104994778084,-0.5540054602602007,-0.8641964146176347,1
-1.2643060656528646,-0.995246163743757,-0.863937936077488,-0.6643026722031953,-0.26098795973795974,1.2635439278382719,0.6614378277661477,1.783978454561761,1.7944903916653874,-1.097115289891867,0.7578782579046334,-1.0475039081979456,-0.8641964146176347,-0.9191951838952687,-0.31717104994778084,-0.7189792822481802,-0.8641964146176347,1
-1.1533008415545605,-0.7490330434792086,-0.8834112529432095,-0.6643026722031953,-0.5378663303086736,-0.6547178097520028,0.6614378277661477,1.783978454561761,1.7944903916653874,-0.3966129302138397,-1.6335973424956576,-1.0475039081979456,-0.8641964146176347,-0.9191951838952687,-0.31717104994778084,-0.3491277676881972,-0.8641964146176347,1
0.06065228918449533,0.2992877085805125,-0.27487010088941244,-0.6643026722031953,0.6527106631453959,-0.6547178097520028,-1.5118578920369088,-0.5429499644318405,-0.5594989053861664,-0.6301137167731822,0.7578782579046334,-1.0475039081979456,-0.8641964146176347,-0.9191951838952687,-0.31717104994778084,0.1283738411329523,-0.8641964146176347,1
2.517863929824559,-0.6768105282016078,-0.8225571377378299,-0.6643026722031953,0.5696471519741818,-0.6547178097520028,0.6614378277661477,-0.5429499644318405,-0.5594989053861664,1.004391789142215,0.7578782579046334,0.9546503761693188,-0.8641964146176347,1.0879082239773117,-0.31717104994778084,-0.2970433053987812,-0.8641964146176347,0
-1.1826062207165127,-0.9777376751916113,-0.7811763393981717,-0.6643026722031953,0.15432959611811103,-0.5484429212428463,0.6614378277661477,-0.5429499644318405,-0.5594989053861664,1.004391789142215,-0.039280275562130276,-1.0475039081979456,-0.8641964146176347,-0.9191951838952687,-0.31717104994778084,-0.7010703930373408,-0.8641964146176347,0
0.5561796095593254,-1.0138489328304117,-0.8834112529432095,-0.6643026722031953,-0.12254877445260284,-0.6547178097520028,0.6614378277661477,-0.5429499644318405,-0.5594989053861664,-1.097115289891867,0.7578782579046334,-1.0475039081979456,-0.8641964146176347,-0.9191951838952687,1.476665216150324,-0.745770980507596,-0.8641964146176347,0
0.0899576683464475,-0.46670866557585994,-0.27487010088941244,-0.6643026722031953,0.7080863372595387,-0.6547178097520028,0.6614378277661477,-0.5429499644318405,-0.5594989053861664,-1.097115289891867,0.7578782579046334,-1.0475039081979456,-0.8641964146176347,1.0879082239773117,-0.31717104994778084,-0.38154397149070085,-0.8641964146176347,1
-1.1755018863742213,0.46342978875687807,-0.863937936077488,-0.6643026722031953,-0.26098795973795974,-0.6547178097520028,0.6614378277661477,1.783978454561761,1.7944903916653874,0.7708910025828726,0.7578782579046334,-1.0475039081979456,-0.8641964146176347,-0.9191951838952687,-0.31717104994778084,1.3818050577401328,-0.8641964146176347,1
0.6156784096760167,1.202069149550523,-0.8225571377378299,-0.6643026722031953,-0.12254877445260284,-0.6547178097520028,0.6614378277661477,1.783978454561761,1.7944903916653874,0.5373902160235301,0.7578782579046334,-1.0475039081979456,-0.8641964146176347,-0.9191951838952687,-0.31717104994778084,2.204467792529255,-0.8641964146176347,1
-0.05745726925610027,-0.46670866557585994,0.21196282075362521,-0.6643026722031953,1.1234038931156096,-0.6547178097520028,0.6614378277661477,-0.5429499644318405,-0.5594989053861664,-0.8636145033325247,-0.836438809028894,-1.0475039081979456,-0.8641964146176347,1.0879082239773117,3.2705014822484286,-0.49361382041897633,-0.8641964146176347,1
-1.1310997967348995,0.23581943757898452,-0.6205214752559692,-0.6643026722031953,-0.3994271450233167,-0.6547178097520028,0.6614378277661477,-0.5429499644318405,-0.5594989053861664,-0.6301137167731822,0.7578782579046334,-1.0475039081979456,-0.8641964146176347,-0.9191951838952687,-0.31717104994778084,0.46965927880267944,-0.8641964146176347,1
-1.0787053309604997,0.17125688604294742,-0.7422297056667286,-0.6643026722031953,-0.6763055155940305,0.6312083412087907,-1.5118578920369088,-0.5429499644318405,-0.5594989053861664,0.0703886429048452,-0.836438809028894,-1.0475039081979456,-0.8641964146176347,-0.9191951838952687,-0.31717104994778084,0.6302447779759999,-0.8641964146176347,1
-1.167509510239143,1.1747121361877952,-0.8030838208721083,-0.6643026722031953,1.1234038931156096,-0.6547178097520028,-1.5118578920369088,1.783978454561761,1.7944903916653874,1.004391789142215,-0.836438809028894,-1.0475039081979456,-0.8641964146176347,-0.9191951838952687,-0.31717104994778084,2.067999904601465,-0.8641964146176347,1
-0.598274721063039,1.9407085103441677,-0.8834112529432095,-0.6643026722031953,-0.12254877445260284,-0.6547178097520028,0.6614378277661477,1.783978454561761,1.7944903916653874,-0.16311214365449725,-1.2350180757622757,-1.0475039081979456,-0.8641964146176347,-0.9191951838952687,-0.31717104994778084,3.67958717904768,-0.8641964146176347,1
-1.3380135344541386,-0.8311040835673914,-0.8420304546035514,-0.6643026722031953,0.15432959611811103,-0.6547178097520028,0.6614378277661477,-0.5429499644318405,-0.5594989053861664,0.7708910025828726,0.7578782579046334,0.9546503761693188,-0.8641964146176347,-0.9191951838952687,3.2705014822484286,-0.49349761896271427,-0.8641964146176347,1
-0.9010969724032127,-0.8223498392913186,-0.7617030225324501,-0.6643026722031953,0.7080863372595387,-0.11271587835530472,0.6614378277661477,1.783978454561761,1.7944903916653874,-1.097115289891867,-0.836438809028894,-1.0475039081979456,-0.8641964146176347,-0.9191951838952687,-0.31717104994778084,-0.5163079648269521,-0.8641964146176347,1
-0.6568854793869434,-0.8858181102928465,-0.8225571377378299,-0.6643026722031953,0.4312079666888249,-0.6520609375392739,0.6614378277661477,1.783978454561761,1.7944903916653874,-0.8636145033325247,-0.836438809028894,-1.0475039081979456,-0.8641964146176347,-0.9191951838952687,-0.31717104994778084,-0.5753127402876891,-0.8641964146176347,1
-1.2119115998784649,-0.037750696048291364,-0.7617030225324501,-0.6643026722031953,-0.6763055155940305,-0.6547178097520028,0.6614378277661477,-0.5429499644318405,-0.5594989053861664,-1.097115289891867,0.7578782579046334,-1.0475039081979456,-0.8641964146176347,-0.9191951838952687,3.2705014822484286,0.42383479084745773,-0.8641964146176347,1
-1.3158124896344776,-0.7402787992031358,-0.7617030225324501,-0.2939036064898985,-0.48249065619453085,-0.39434433290456944,-1.5118578920369088,-0.5429499644318405,-0.5594989053861664,1.004391789142215,0.7578782579046334,-1.0475039081979456,1.1571443517761548,-0.9191951838952687,-0.31717104994778084,-0.4179666723923904,1.1571443517761548,1
-0.7163842795036346,1.7492094168050747,-0.8225571377378299,0.07649545922339826,-1.2300622567354582,1.972264590583709,0.6614378277661477,-0.5429499644318405,-0.5594989053861664,-1.097115289891867,0.7578782579046334,-1.0475039081979456,1.1571443517761548,-0.9191951838952687,-0.31717104994778084,2.9329218105630446,1.1571443517761548,1
-1.219903976013543,1.1747121361877952,-0.8030838208721083,-0.2939036064898985,-0.3994271450233167,-0.6520609375392739,0.6614378277661477,-0.5429499644318405,-0.5594989053861664,1.4713933622609,-0.836438809028894,-1.0475039081979456,1.1571443517761548,-0.9191951838952687,-0.31717104994778084,2.067999904601465,1.1571443517761548,1
-0.25371450546190233,-0.6855647724776807,-0.8834112529432095,0.07649545922339826,0.15432959611811103,-0.37574622741546704,-1.5118578920369088,-0.5429499644318405,-0.5594989053861664,-0.16311214365449725,-1.2350180757622757,-1.0475039081979456,1.1571443517761548,1.0879082239773117,-0.31717104994778084,-0.25406451833478755,1.1571443517761548,1
-0.16135815901211323,-0.8869123908273556,-0.7422297056667286,-0.2939036064898985,1.1234038931156096,1.972264590583709,0.6614378277661477,-0.5429499644318405,-0.5594989053861664,1.4713933622609,0.7578782579046334,-1.0475039081979456,1.1571443517761548,-0.9191951838952687,-0.31717104994778084,-0.5983860977891314,1.1571443517761548,1
-1.1088987519152387,-0.923023648466156,-0.8030838208721083,-0.2939036064898985,0.15432959611811103,-0.6520609375392739,0.6614378277661477,1.783978454561761,1.7944903916653874,-1.097115289891867,0.7578782579046334,-1.0475039081979456,1.1571443517761548,-0.9191951838952687,-0.31717104994778084,-0.62899948877557,1.1571443517761548,1
-0.8495905484215998,-0.6308507457522254,-0.8834112529432095,-0.6643026722031953,-0.12254877445260284,-0.6547178097520028,-1.5118578920369088,1.783978454561761,1.7944903916653874,0.3038894294641877,-0.4378595422955121,-1.0475039081979456,-0.8641964146176347,-0.9191951838952687,-0.31717104994778084,-0.17211344130598613,-0.8641964146176347,1
-0.7385853243232955,-0.8497068526540461,-0.6399947921216907,-0.6643026722031953,0.9849647078302526,-0.6547178097520028,0.6614378277661477,-0.5429499644318405,-0.5594989053861664,0.7708910025828726,0.7578782579046334,-1.0475039081979456,-0.8641964146176347,1.0879082239773117,3.2705014822484286,-0.5818688264499932,-0.8641964146176347,1
-1.1604051758968517,1.1747121361877952,-0.3965783313001719,-0.2939036064898985,-0.3994271450233167,-0.6520609375392739,-1.5118578920369088,-0.5429499644318405,-0.5594989053861664,1.4713933622609,0.7578782579046334,-1.0475039081979456,1.1571443517761548,-0.9191951838952687,-0.31717104994778084,0.8932505600684322,1.1571443517761548,1
-0.5236792104689783,-0.8956666351034285,-0.8030838208721083,-0.2939036064898985,0.6527106631453959,0.5249334526996342,0.6614378277661477,-0.5429499644318405,-0.5594989053861664,1.4713933622609,0.7578782579046334,-1.0475039081979456,1.1571443517761548,-0.9191951838952687,-0.31717104994778084,-0.5938273527117067,1.1571443517761548,1
0.3936679614794082,-0.4853114346625147,-0.8225571377378299,0.07649545922339826,0.29276878140346796,-0.6520609375392739,0.6614378277661477,-0.5429499644318405,-0.5594989053861664,1.4713933622609,0.7578782579046334,-1.0475039081979456,1.1571443517761548,-0.9191951838952687,-0.31717104994778084,-0.042084399086954626,1.1571443517761548,1
-1.3531102449315082,-0.9405321370183017,-0.8834112529432095,-0.2939036064898985,-0.12254877445260284,-0.3199519109481599,-1.5118578920369088,-0.5429499644318405,-0.5594989053861664,-0.16311214365449725,-1.2350180757622757,-1.0475039081979456,1.1571443517761548,-0.9191951838952687,-0.31717104994778084,-0.6359565372890021,1.1571443517761548,1
0.05354795484220401,-0.329923598762222,0.596560828851625,0.07649545922339826,0.15432959611811103,-0.6440903209010872,-1.5118578920369088,-0.5429499644318405,-0.5594989053861664,-0.16311214365449725,-1.2350180757622757,-1.0475039081979456,1.1571443517761548,1.0879082239773117,-0.31717104994778084,-0.49220947979967083,1.1571443517761548,1
2.5705914112712525,0.9558560292859746,1.0639204336289412,-0.2939036064898985,-0.745525108236709,-0.6387765764756294,0.6614378277661477,-0.5429499644318405,-0.5594989053861664,-0.16311214365449725,-1.2350180757622757,-1.0475039081979456,1.1571443517761548,-0.9191951838952687,-0.31717104994778084,-0.15572322590022586,1.1571443517761548,1
0.14235213412084743,-0.46670866557585994,-0.031453640067893626,0.07649545922339826,2.6462349312545355,-0.6547178097520028,0.6614378277661477,-0.5429499644318405,-0.5594989053861664,-1.3306160764512096,0.7578782579046334,-1.0475039081979456,1.1571443517761548,1.0879082239773117,-0.31717104994778084,-0.4477670640392272,1.1571443517761548,1
-1.3309092001118472,-0.41199463885040477,-0.5596673600505895,-0.2939036064898985,-0.6763055155940305,-0.5989234932846956,0.6614378277661477,-0.5429499644318405,-0.5594989053861664,-1.3306160764512096,0.7578782579046334,-1.0475039081979456,1.1571443517761548,-0.9191951838952687,-0.31717104994778084,-0.20435245359058973,1.1571443517761548,1
-0.8122927931245694,1.6397813633541642,0.7401765407363211,0.07649545922339826,0.015890410832754092,-0.195078916949901,0.6614378277661477,-0.5429499644318405,-0.5594989053861664,-1.097115289891867,0.7578782579046334,-1.0475039081979456,1.1571443517761548,1.0879082239773117,-0.31717104994778084,0.171098047380955,1.1571443517761548,1
2.3322631951321937,-0.5761367190267702,2.190938647232573,-0.2939036064898985,-1.2300622567354582,-0.6281490876247137,-1.5118578920369088,-0.5429499644318405,-0.5594989053861664,-0.16311214365449725,-1.2350180757622757,-1.0475039081979456,1.1571443517761548,-0.9191951838952687,-0.31717104994778084,-0.6561457424719964,1.1571443517761548,1
-1.1604051758968517,-0.9777376751916113,-0.7617030225324501,-0.6643026722031953,0.7080863372595387,-0.6547178097520028,0.6614378277661477,-0.5429499644318405,-0.5594989053861664,-0.6301137167731822,0.7578782579046334,-1.0475039081979456,-0.8641964146176347,1.0879082239773117,3.2705014822484286,-0.7025008118363888,-0.8641964146176347,1
-0.7012875690262651,-0.794992825928591,-0.6399947921216907,-0.6643026722031953,0.7080863372595387,-0.6547178097520028,0.6614378277661477,-0.5429499644318405,-0.5594989053861664,-1.097115289891867,0.7578782579046334,-1.0475039081979456,-0.8641964146176347,1.0879082239773117,3.2705014822484286,-0.527234775097459,-0.8641964146176347,1
-1.3673189136160908,-0.38463762548767716,-0.8420304546035514,-0.6643026722031953,-0.3994271450233167,-0.6547178097520028,-1.5118578920369088,-0.5429499644318405,-0.5594989053861664,1.004391789142215,0.7578782579046334,-1.0475039081979456,-0.8641964146176347,-0.9191951838952687,-0.31717104994778084,0.12283490505112866,-0.8641964146176347,1
-0.5831780105856695,1.976819767982968,-0.15316187047865304,-0.6643026722031953,0.7080863372595387,-0.6520609375392739,-1.5118578920369088,-0.5429499644318405,-0.5594989053861664,1.004391789142215,-0.836438809028894,-1.0475039081979456,-0.8641964146176347,-0.9191951838952687,-0.31717104994778084,1.0460073676501178,-0.8641964146176347,1
1.5481222921017728,2.6013803830540385,-0.8834112529432095,-0.6643026722031953,-1.2300622567354582,-0.6547178097520028,0.6614378277661477,1.783978454561761,1.7944903916653874,-0.16311214365449725,-1.2350180757622757,0.9546503761693188,-0.8641964146176347,1.0879082239773117,-0.31717104994778084,4.669146434170456,-0.8641964146176347,1
-0.6941832346839738,-0.41199463885040477,1.30733689445046,-0.6643026722031953,-0.12254877445260284,-0.58829600443378,0.6614378277661477,-0.5429499644318405,-0.5594989053861664,-0.16311214365449725,-1.2350180757622757,-1.0475039081979456,-0.8641964146176347,-0.9191951838952687,-0.31717104994778084,-0.5818688264499932,-0.8641964146176347,1
-1.1310997967348995,1.2381804071893232,-0.6813755904613489,-0.6643026722031953,-0.6763055155940305,-0.6547178097520028,0.6614378277661477,-0.5429499644318405,-0.5594989053861664,-0.16311214365449725,-1.2350180757622757,-1.0475039081979456,-0.8641964146176347,-0.9191951838952687,-0.31717104994778084,1.638049747764818,-0.8641964146176347,1
-0.3167654727497392,-0.7315245549270629,-0.7617030225324501,-0.6643026722031953,-0.26098795973795974,-0.6547178097520028,0.6614378277661477,-0.5429499644318405,-0.5594989053861664,0.5373902160235301,-0.836438809028894,-1.0475039081979456,-0.8641964146176347,1.0879082239773117,3.2705014822484286,-0.4074769345327038,-0.8641964146176347,1
0.03845124436483447,-0.35728061212494955,-0.8834112529432095,-0.6643026722031953,-0.12254877445260284,-0.6015803654974246,-1.5118578920369088,1.783978454561761,1.7944903916653874,0.3038894294641877,-0.4378595422955121,-1.0475039081979456,-0.8641964146176347,-0.9191951838952687,-0.31717104994778084,0.2376419438380209,-0.8641964146176347,1
-0.5760736762433781,-0.028996451772218528,-0.3965783313001719,-0.6643026722031953,1.2618430784009664,-0.6387765764756294,-1.5118578920369088,-0.5429499644318405,-0.5594989053861664,1.4713933622609,0.7578782579046334,-1.0475039081979456,-0.8641964146176347,1.0879082239773117,-0.31717104994778084,-0.008211287248383324,-0.8641964146176347,1
-1.093802041437869,-0.6308507457522254,0.2533436190932834,-0.6643026722031953,-0.45480281913745946,-0.6387765764756294,0.6614378277661477,1.783978454561761,1.7944903916653874,-1.097115289891867,0.7578782579046334,-1.0475039081979456,-0.8641964146176347,1.0879082239773117,-0.31717104994778084,-0.5737597243751792,-0.8641964146176347,1
-1.3309092001118472,-0.9678891503810293,-0.8225571377378299,-0.6643026722031953,0.15432959611811103,-0.6520609375392739,-1.5118578920369088,-0.5429499644318405,-0.5594989053861664,-1.3306160764512096,0.7578782579046334,-1.0475039081979456,-0.8641964146176347,-0.9191951838952687,-0.31717104994778084,-0.6845808429927577,-0.8641964146176347,1
-1.1310997967348995,1.1747121361877952,-0.6813755904613489,-0.6643026722031953,-0.6763055155940305,-0.5431291768173885,-1.5118578920369088,-0.5429499644318405,-0.5594989053861664,-0.6301137167731822,0.7578782579046334,-1.0475039081979456,-0.8641964146176347,-0.9191951838952687,-0.31717104994778084,1.57086723938785,-0.8641964146176347,1
-1.3380135344541386,-1.0138489328304117,-0.7617030225324501,-0.6643026722031953,-0.8147447008793874,-0.6547178097520028,0.6614378277661477,1.783978454561761,1.7944903916653874,-1.3306160764512096,0.7578782579046334,-1.0475039081979456,-0.8641964146176347,-0.9191951838952687,-0.31717104994778084,-0.745770980507596,-0.8641964146176347,1
-0.7385853243232955,-0.8497068526540461,-0.6399947921216907,-0.6643026722031953,0.9849647078302526,-0.6547178097520028,0.6614378277661477,-0.5429499644318405,-0.5594989053861664,0.7708910025828726,0.7578782579046334,0.9546503761693188,-0.8641964146176347,1.0879082239773117,3.2705014822484286,-0.5818688264499932,-0.8641964146176347,1
-0.9010969724032127,-0.9591349061049564,-0.7617030225324501,-0.6643026722031953,0.7080863372595387,-0.11271587835530472,0.6614378277661477,1.783978454561761,1.7944903916653874,-1.097115289891867,-0.836438809028894,-1.0475039081979456,-0.8641964146176347,-0.9191951838952687,-0.31717104994778084,-0.6802101188845548,-0.8641964146176347,1
-1.2270083103558342,2.6013803830540385,-0.8834112529432095,-0.6643026722031953,1.8848194121850725,1.972264590583709,0.6614378277661477,-2.869878383425442,0.6174957431396104,-0.16311214365449725,0.3592989911712516,-1.0475039081979456,-0.8641964146176347,1.0879082239773117,1.476665216150324,4.669146434170456,-0.8641964146176347,0
-1.0787053309604997,-1.0138489328304117,-0.8834112529432095,-0.6643026722031953,2.2309173753984646,-0.6520609375392739,0.6614378277661477,1.783978454561761,1.7944903916653874,0.7708910025828726,-2.0321766092290394,-1.0475039081979456,-0.8641964146176347,1.0879082239773117,3.2705014822484286,-0.745770980507596,-0.8641964146176347,0
0.48247214075805156,-0.9864919194676841,-0.15316187047865304,-0.6643026722031953,0.3758322925746821,-0.3544912497136357,0.6614378277661477,1.783978454561761,1.7944903916653874,-1.097115289891867,0.7578782579046334,-1.0475039081979456,-0.8641964146176347,1.0879082239773117,-0.31717104994778084,-0.7293807651018358,-0.8641964146176347,0
-0.8939926380609214,-0.6855647724776807,-0.15316187047865304,-0.6643026722031953,-0.1917683670952813,-0.6334628320501715,0.6614378277661477,-0.5429499644318405,-0.5594989053861664,1.4713933622609,0.7578782579046334,-1.0475039081979456,-0.8641964146176347,-0.9191951838952687,-0.31717104994778084,-0.5490883956384726,-0.8641964146176347,0
-1.1755018863742213,-0.9317778927422289,2.190938647232573,-0.6643026722031953,0.8465255225448957,-0.6547178097520028,-1.5118578920369088,-2.869878383425442,0.6174957431396104,-0.8636145033325247,-1.2350180757622757,-1.0475039081979456,-0.8641964146176347,1.0879082239773117,3.2705014822484286,-0.7289662483759212,-0.8641964146176347,0
0.20895526857983,-0.9317778927422289,-0.7008489073270704,-0.6643026722031953,0.8465255225448957,-0.5378154323919306,-1.5118578920369088,-0.5429499644318405,-0.5594989053861664,-0.8636145033325247,0.7578782579046334,-1.0475039081979456,-0.8641964146176347,-0.9191951838952687,-0.31717104994778084,-0.6563698055670855,-0.8641964146176347,0
1.5330255816244032,-0.9689834309155384,-0.7617030225324501,2.1136903206465303,1.4002822636863235,1.972264590583709,0.6614378277661477,1.783978454561761,1.7944903916653874,0.5373902160235301,0.7578782579046334,0.9546503761693188,1.1571443517761548,-0.9191951838952687,-0.31717104994778084,-0.6920110739767023,1.1571443517761548,0
0.20895526857983,-0.7402787992031358,-0.3162508992290706,-0.6643026722031953,-0.3994271450233167,-0.6547178097520028,0.6614378277661477,-0.5429499644318405,-0.5594989053861664,1.4713933622609,0.7578782579046334,-1.0475039081979456,-0.8641964146176347,-0.9191951838952687,-0.31717104994778084,-0.5565075231662532,-0.8641964146176347,1
-0.16135815901211323,-0.7763900568419362,-0.3965783313001719,-0.6643026722031953,0.7080863372595387,-0.620178470986527,-1.5118578920369088,1.783978454561761,1.7944903916653874,1.7048941488202425,0.7578782579046334,-1.0475039081979456,-0.8641964146176347,-0.9191951838952687,-0.31717104994778084,-0.5679371433550969,-0.8641964146176347,1
-0.10185935889542198,-0.7763900568419362,-0.863937936077488,-0.6643026722031953,-0.053329181809924374,-0.17913768367352753,0.6614378277661477,1.783978454561761,1.7944903916653874,-1.097115289891867,0.7578782579046334,-1.0475039081979456,-0.8641964146176347,-0.9191951838952687,-0.31717104994778084,-0.40378283213740557,-0.8641964146176347,1
0.8447931922149166,-0.24785255867403921,-0.6399947921216907,-0.6643026722031953,2.6462349312545355,-0.6547178097520028,0.6614378277661477,-0.5429499644318405,-0.5594989053861664,0.0703886429048452,-2.0321766092290394,-1.0475039081979456,-0.8641964146176347,-0.9191951838952687,3.2705014822484286,0.01910573842788386,-0.8641964146176347,1
0.31196811654305606,-0.46670866557585994,0.5770875119859035,-0.6643026722031953,0.15432959611811103,-0.6547178097520028,0.6614378277661477,1.783978454561761,1.7944903916653874,1.4713933622609,0.7578782579046334,-1.0475039081979456,-0.8641964146176347,-0.9191951838952687,3.2705014822484286,-0.5408932879355924,-0.8641964146176347,1
-0.25371450546190233,-0.13842450522312888,-0.8420304546035514,-0.6643026722031953,1.6148630008786267,-0.6547178097520028,0.6614378277661477,1.783978454561761,1.7944903916653874,0.0703886429048452,0.7578782579046334,-1.0475039081979456,-0.8641964146176347,1.0879082239773117,-0.31717104994778084,0.4627241646175861,-0.8641964146176347,1
-0.9677001068621953,-1.0138489328304117,-0.8834112529432095,-0.6643026722031953,-0.12254877445260284,-0.6547178097520028,0.6614378277661477,-0.5429499644318405,-0.5594989053861664,-1.097115289891867,0.7578782579046334,-1.0475039081979456,-0.8641964146176347,-0.9191951838952687,1.476665216150324,-0.745770980507596,-0.8641964146176347,1
0.1716575132827996,-0.46670866557585994,0.3336710511643846,-0.6643026722031953,-1.2300622567354582,-0.649404065326545,-1.5118578920369088,1.783978454561761,1.7944903916653874,-1.097115289891867,0.7578782579046334,-1.0475039081979456,-0.8641964146176347,1.0879082239773117,-0.31717104994778084,-0.5116250461395919,-0.8641964146176347,1
0.2453649820840735,-0.46670866557585994,-0.3965783313001719,-0.6643026722031953,1.954039004827751,-0.6122078543483402,0.6614378277661477,-0.5429499644318405,-0.5594989053861664,-1.097115289891867,0.7578782579046334,-1.0475039081979456,-0.8641964146176347,-0.9191951838952687,-0.31717104994778084,-0.33601559536358894,-0.8641964146176347,1
-0.5387759209463477,1.721852403442347,-0.3965783313001719,-0.6643026722031953,0.015890410832754092,1.972264590583709,-1.5118578920369088,-0.5429499644318405,-0.5594989053861664,-0.6301137167731822,0.7578782579046334,-1.0475039081979456,-0.8641964146176347,1.0879082239773117,-0.31717104994778084,1.3030059452124392,-0.8641964146176347,1
0.30486378220076477,-0.46670866557585994,-0.6399947921216907,-0.6643026722031953,1.1787795672297523,-0.6547178097520028,0.6614378277661477,-0.5429499644318405,-0.5594989053861664,-0.8636145033325247,-2.0321766092290394,-1.0475039081979456,-0.8641964146176347,-0.9191951838952687,-0.31717104994778084,-0.19943046698225325,-0.8641964146176347,1
-0.32386980709203056,-0.8497068526540461,-0.8030838208721083,-0.6643026722031953,0.29276878140346796,0.01215711564295415,0.6614378277661477,-0.5429499644318405,-0.5594989053861664,1.004391789142215,-0.836438809028894,-1.0475039081979456,-0.8641964146176347,1.0879082239773117,-0.31717104994778084,-0.5347381641244163,-0.8641964146176347,1
1.4220203575260988,0.40871576203142285,-0.3965783313001719,-0.6643026722031953,-1.2300622567354582,-0.048950945249810834,0.6614378277661477,-0.5429499644318405,-0.5594989053861664,-1.097115289891867,0.7578782579046334,-1.0475039081979456,-0.8641964146176347,1.0879082239773117,-0.31717104994778084,0.3195930208668223,-0.8641964146176347,1
0.31196811654305606,-0.7402787992031358,-0.6399947921216907,-0.6643026722031953,-0.12254877445260284,-0.6547178097520028,-1.5118578920369088,1.783978454561761,1.7944903916653874,0.0703886429048452,-0.836438809028894,-1.0475039081979456,-0.8641964146176347,1.0879082239773117,-0.31717104994778084,-0.4726007237449246,-0.8641964146176347,1
0.1716575132827996,-0.35728061212494955,0.09025459034286579,-0.6643026722031953,0.015890410832754092,-0.6547178097520028,-1.5118578920369088,1.783978454561761,1.7944903916653874,-1.3306160764512096,0.7578782579046334,-1.0475039081979456,-0.8641964146176347,-0.9191951838952687,-0.31717104994778084,-0.4179666723923904,-0.8641964146176347,1
-0.29456442793007837,-0.35728061212494955,-0.5182865617109313,-0.6643026722031953,0.8465255225448957,-0.4767073714991657,0.6614378277661477,-0.5429499644318405,-0.5594989053861664,1.4713933622609,0.7578782579046334,-1.0475039081979456,-0.8641964146176347,1.0879082239773117,-0.31717104994778084,-0.18382073802438637,-0.8641964146176347,1
0.6893858784772906,-0.13842450522312888,0.5770875119859035,-0.6643026722031953,2.0924781901131078,-0.6547178097520028,-1.5118578920369088,-0.5429499644318405,-0.5594989053861664,-1.097115289891867,0.7578782579046334,-1.0475039081979456,-0.8641964146176347,-0.9191951838952687,-0.31717104994778084,-0.4179666723923904,-0.8641964146176347,1
1.015297216429912,-0.11982173613647412,-0.863937936077488,-0.6643026722031953,-0.48249065619453085,-0.3890305884791116,0.6614378277661477,-0.5429499644318405,-0.5594989053861664,-1.3306160764512096,0.7578782579046334,-1.0475039081979456,-0.8641964146176347,-0.9191951838952687,-0.31717104994778084,0.5418065181949184,-0.8641964146176347,1
-0.3904729415510131,-0.5214226923013151,-0.6399947921216907,-0.6643026722031953,2.6462349312545355,1.972264590583709,0.6614378277661477,-0.5429499644318405,-0.5594989053861664,0.0703886429048452,-2.0321766092290394,-1.0475039081979456,-0.8641964146176347,1.0879082239773117,-0.31717104994778084,-0.25406451833478755,-0.8641964146176347,1
0.2160596029221213,-0.41199463885040477,-0.8834112529432095,-0.6643026722031953,0.015890410832754092,-0.6547178097520028,0.6614378277661477,-0.5429499644318405,-0.5594989053861664,0.0703886429048452,-2.0321766092290394,-1.0475039081979456,-0.8641964146176347,-0.9191951838952687,-0.31717104994778084,0.1556908668092195,-0.8641964146176347,1
0.675177209792708,-0.6308507457522254,-0.6399947921216907,-0.6643026722031953,0.8465255225448957,-0.649404065326545,0.6614378277661477,-0.5429499644318405,-0.5594989053861664,0.5373902160235301,0.7578782579046334,-1.0475039081979456,-0.8641964146176347,1.0879082239773117,-0.31717104994778084,-0.3633326210398561,-0.8641964146176347,1
2.5705914112712525,0.5181438154823332,-0.8834112529432095,-0.6643026722031953,-1.2300622567354582,-0.6228353431992558,0.6614378277661477,-0.5429499644318405,-0.5594989053861664,-0.3966129302138397,1.1564575246380153,-1.0475039081979456,-0.8641964146176347,-0.9191951838952687,-0.31717104994778084,1.5488591762988435,-0.8641964146176347,1
0.08285333400415619,-0.6855647724776807,-0.7617030225324501,-0.6643026722031953,1.3449065895721806,-0.3305793997990755,0.6614378277661477,-0.5429499644318405,-0.5594989053861664,-1.097115289891867,0.7578782579046334,-1.0475039081979456,-0.8641964146176347,1.0879082239773117,-0.31717104994778084,-0.35240581076934924,-0.8641964146176347,1
-0.40556965202838263,-0.028996451772218528,0.3336710511643846,-0.6643026722031953,0.15432959611811103,1.972264590583709,0.6614378277661477,1.783978454561761,1.7944903916653874,-1.097115289891867,-2.0321766092290394,-1.0475039081979456,-0.8641964146176347,-0.9191951838952687,-0.31717104994778084,-0.32430829864518873,-0.8641964146176347,1
2.5705914112712525,-0.8956666351034285,-0.5986139937820325,0.446894524936695,0.015890410832754092,-0.6547178097520028,0.6614378277661477,-0.5429499644318405,-0.5594989053861664,-1.097115289891867,0.7578782579046334,0.9546503761693188,1.1571443517761548,1.0879082239773117,-0.31717104994778084,-0.6340900174904281,1.1571443517761548,1
-0.3096611384074479,-0.6855647724776807,0.21196282075362521,-0.2939036064898985,-0.5378663303086736,-0.6467471931138161,0.6614378277661477,-0.5429499644318405,-0.5594989053861664,1.4713933622609,0.7578782579046334,-1.0475039081979456,1.1571443517761548,1.0879082239773117,-0.31717104994778084,-0.5944766844544241,1.1571443517761548,1
-0.45707607600999567,-0.5761367190267702,-0.8834112529432095,-0.6643026722031953,0.6803985002024674,-0.6520609375392739,-1.5118578920369088,-0.5429499644318405,-0.5594989053861664,0.3038894294641877,-0.4378595422955121,-1.0475039081979456,-0.8641964146176347,1.0879082239773117,-0.31717104994778084,-0.09016236427718473,-0.8641964146176347,1
-0.8122927931245694,-0.8858181102928465,-0.8834112529432095,-0.6643026722031953,-0.5378663303086736,-0.6547178097520028,0.6614378277661477,1.783978454561761,1.7944903916653874,-0.16311214365449725,-1.2350180757622757,-1.0475039081979456,-0.8641964146176347,-0.9191951838952687,-0.31717104994778084,-0.5540054602602007,-0.8641964146176347,1
-0.7829874139626172,1.5029962965405264,-0.15316187047865304,-0.6643026722031953,-1.2300622567354582,1.972264590583709,0.6614378277661477,1.783978454561761,1.7944903916653874,0.7708910025828726,0.7578782579046334,-1.0475039081979456,-0.8641964146176347,1.0879082239773117,-0.31717104994778084,0.7621288368223498,-0.8641964146176347,1
-0.05035293491380895,-0.6669620033910258,-0.5986139937820325,-0.6643026722031953,-1.2300622567354582,-0.6547178097520028,0.6614378277661477,-0.5429499644318405,-0.5594989053861664,-0.6301137167731822,0.7578782579046334,-1.0475039081979456,-0.8641964146176347,1.0879082239773117,3.2705014822484286,-0.4179666723923904,-0.8641964146176347,1
0.47536780641576026,-0.5761367190267702,-0.7617030225324501,-0.6643026722031953,0.2996907406677358,-0.6547178097520028,0.6614378277661477,-0.5429499644318405,-0.5594989053861664,0.0703886429048452,0.7578782579046334,-1.0475039081979456,-0.8641964146176347,1.0879082239773117,-0.31717104994778084,-0.22128408752326695,-0.8641964146176347,1
-1.3602145792737994,-0.9777376751916113,-0.3965783313001719,0.07649545922339826,0.9849647078302526,-0.6520609375392739,-1.5118578920369088,-0.5429499644318405,-0.5594989053861664,-1.3306160764512096,0.7578782579046334,-1.0475039081979456,1.1571443517761548,1.0879082239773117,-0.31717104994778084,-0.7187271250880916,1.1571443517761548,1
0.8749866131696556,-0.7216760301164811,-0.8030838208721083,-0.6643026722031953,-0.06717310033846007,-0.6547178097520028,0.6614378277661477,-0.5429499644318405,-0.5594989053861664,-0.6301137167731822,0.7578782579046334,-1.0475039081979456,-0.8641964146176347,-0.9191951838952687,-0.31717104994778084,-0.3701325673455364,-0.8641964146176347,1
-1.0493999517985475,-0.9777376751916113,-0.863937936077488,-0.6643026722031953,1.4002822636863235,-0.6547178097520028,-1.5118578920369088,-0.5429499644318405,-0.5594989053861664,1.004391789142215,0.7578782579046334,-1.0475039081979456,-0.8641964146176347,1.0879082239773117,-0.31717104994778084,-0.6937635662393181,-0.8641964146176347,1
0.09795004448152572,-0.35728061212494955,-0.8030838208721083,-0.6643026722031953,-0.3994271450233167,-0.6547178097520028,0.6614378277661477,-0.5429499644318405,-0.5594989053861664,-0.6301137167731822,0.7578782579046334,-1.0475039081979456,-0.8641964146176347,1.0879082239773117,-0.31717104994778084,0.0983602850251224,-0.8641964146176347,1
0.48247214075805156,0.016963330677163813,-0.8834112529432095,-0.6643026722031953,-0.12254877445260284,-0.6547178097520028,-1.5118578920369088,-0.5429499644318405,-0.5594989053861664,-0.16311214365449725,-1.2350180757622757,-1.0475039081979456,-0.8641964146176347,-0.9191951838952687,-0.31717104994778084,0.7981873107150226,-0.8641964146176347,1
-0.09475502455313066,0.18985965512960218,1.7941698160934976,-0.6643026722031953,-0.5378663303086736,-0.6547178097520028,-1.5118578920369088,-0.5429499644318405,-0.5594989053861664,0.5373902160235301,0.7578782579046334,-1.0475039081979456,-0.8641964146176347,1.0879082239773117,3.2705014822484286,-0.46839810441011426,-0.8641964146176347,1
-0.7314809899810042,-0.46670866557585994,-0.8420304546035514,-0.6643026722031953,-0.5378663303086736,1.972264590583709,0.6614378277661477,-0.5429499644318405,-0.5594989053861664,-0.16311214365449725,-1.2350180757622757,-1.0475039081979456,-0.8641964146176347,1.0879082239773117,-0.31717104994778084,0.009538485195642866,-0.8641964146176347,1
-0.39846531768609134,-0.8956666351034285,-0.8834112529432095,-0.6643026722031953,-0.5378663303086736,-0.6547178097520028,0.6614378277661477,-0.5429499644318405,-0.5594989053861664,0.5373902160235301,-1.2350180757622757,-1.0475039081979456,-0.8641964146176347,-0.9191951838952687,-0.31717104994778084,-0.5687566541253849,-0.8641964146176347,1
-1.2785147343374472,-0.9405321370183017,-0.7422297056667286,-0.6643026722031953,0.15432959611811103,-0.6547178097520028,0.6614378277661477,1.783978454561761,1.7944903916653874,0.5373902160235301,0.7578782579046334,-1.0475039081979456,-0.8641964146176347,-0.9191951838952687,3.2705014822484286,-0.6606435051443449,-0.8641964146176347,1
-0.6124833897476216,-0.5761367190267702,-0.8030838208721083,0.07649545922339826,0.9849647078302526,1.972264590583709,0.6614378277661477,-0.5429499644318405,-0.5594989053861664,-0.3966129302138397,-1.6335973424956576,-1.0475039081979456,1.1571443517761548,-0.9191951838952687,-0.31717104994778084,-0.18301680348578375,1.1571443517761548,1
1.0224015507722035,-0.7402787992031358,2.190938647232573,-0.2939036064898985,1.2064674042868238,-0.35714812192636464,0.6614378277661477,-0.5429499644318405,-0.5594989053861664,0.7708910025828726,0.7578782579046334,-1.0475039081979456,1.1571443517761548,1.0879082239773117,-0.31717104994778084,-0.6897552067353462,1.1571443517761548,1
-0.7607863691429563,0.3353989662193129,-0.8030838208721083,-0.6643026722031953,0.29276878140346796,1.972264590583709,-1.5118578920369088,-0.5429499644318405,-0.5594989053861664,-1.3306160764512096,0.7578782579046334,-1.0475039081979456,-0.8641964146176347,-0.9191951838952687,-0.31717104994778084,0.9889187701621401,-0.8641964146176347,1
0.7195792994320297,-0.6396049900282983,-0.8030838208721083,-0.6643026722031953,1.5387214489716803,-0.6547178097520028,0.6614378277661477,1.783978454561761,1.7944903916653874,0.7708910025828726,0.7578782579046334,-1.0475039081979456,-0.8641964146176347,-0.9191951838952687,3.2705014822484286,-0.26461615915394654,-0.8641964146176347,1
-0.6870789003416824,1.5029962965405264,0.5770875119859035,-0.6643026722031953,-1.0916230714501014,-0.6122078543483402,-1.5118578920369088,1.783978454561761,1.7944903916653874,0.5373902160235301,-0.836438809028894,-1.0475039081979456,-0.8641964146176347,1.0879082239773117,-0.31717104994778084,0.1966664053236202,-0.8641964146176347,1
-0.878895927583552,-0.8497068526540461,-0.5182865617109313,-0.6643026722031953,-0.31636363385210253,-0.649404065326545,0.6614378277661477,1.783978454561761,1.7944903916653874,1.2378925757015575,-0.039280275562130276,-1.0475039081979456,-0.8641964146176347,1.0879082239773117,-0.31717104994778084,-0.6052834198867936,-0.8641964146176347,1
0.14945646846313876,-0.46670866557585994,2.190938647232573,-0.6643026722031953,0.7080863372595387,-0.6547178097520028,0.6614378277661477,1.783978454561761,1.7944903916653874,1.4713933622609,0.7578782579046334,-1.0475039081979456,-0.8641964146176347,1.0879082239773117,-0.31717104994778084,-0.6337394329630964,-0.8641964146176347,1
-0.442867407325413,1.8312804568932575,-0.8834112529432095,-0.6643026722031953,-0.26098795973795974,1.972264590583709,0.6614378277661477,-0.5429499644318405,-0.5594989053861664,-0.3966129302138397,-1.6335973424956576,-1.0475039081979456,-0.8641964146176347,1.0879082239773117,-0.31717104994778084,3.515685024990077,-0.8641964146176347,1
1.2151066198068599,-0.010393682685563775,-0.3965783313001719,-0.6643026722031953,0.4312079666888249,-0.6547178097520028,-1.5118578920369088,-0.5429499644318405,-0.5594989053861664,0.5373902160235301,-0.836438809028894,-1.0475039081979456,-0.8641964146176347,1.0879082239773117,3.2705014822484286,0.00572039584651291,-0.8641964146176347,1
-0.4499717416677044,-0.6768105282016078,-0.8225571377378299,-0.6643026722031953,-0.5378663303086736,-0.6547178097520028,0.6614378277661477,-0.5429499644318405,-0.5594989053861664,1.4713933622609,0.7578782579046334,-1.0475039081979456,-0.8641964146176347,-0.9191951838952687,-0.31717104994778084,-0.2970433053987812,-0.8641964146176347,1
-0.2794677174527088,-0.8858181102928465,-0.863937936077488,-0.6643026722031953,0.5696471519741818,1.972264590583709,0.6614378277661477,-0.5429499644318405,-0.5594989053861664,-1.3306160764512096,0.7578782579046334,-1.0475039081979456,-0.8641964146176347,-0.9191951838952687,-0.31717104994778084,-0.5613810571927929,-0.8641964146176347,1
-0.9312903933579518,-0.9044208793795013,-0.3965783313001719,-0.6643026722031953,0.5696471519741818,-0.6547178097520028,-1.5118578920369088,1.783978454561761,1.7944903916653874,-0.3966129302138397,-1.6335973424956576,-1.0475039081979456,-0.8641964146176347,-0.9191951838952687,-0.31717104994778084,-0.6638199034787946,-0.8641964146176347,1
-0.2350656278133871,2.1595646172459886,-0.8225571377378299,-0.6643026722031953,-1.2300622567354582,0.10514764308846608,0.6614378277661477,-0.5429499644318405,-0.5594989053861664,-0.6301137167731822,0.7578782579046334,-1.0475039081979456,-0.8641964146176347,-0.9191951838952687,-0.31717104994778084,3.4792623240883875,-0.8641964146176347,1
-0.9454990620425345,-0.8311040835673914,0.09025459034286579,-0.6643026722031953,0.4312079666888249,-0.6547178097520028,0.6614378277661477,1.783978454561761,1.7944903916653874,-1.097115289891867,0.7578782579046334,-1.0475039081979456,-0.8641964146176347,1.0879082239773117,3.2705014822484286,-0.6545321147488637,-0.8641964146176347,1
0.27555840303881257,-0.7216760301164811,-0.8225571377378299,-0.6643026722031953,1.815599819542394,1.972264590583709,0.6614378277661477,-0.5429499644318405,-0.5594989053861664,0.0703886429048452,-2.0321766092290394,-1.0475039081979456,-0.8641964146176347,1.0879082239773117,-0.31717104994778084,-0.356776534877552,-0.8641964146176347,1
0.2009628924447518,-0.9591349061049564,1.0639204336289412,-0.6643026722031953,1.6771606342570373,-0.6547178097520028,0.6614378277661477,-0.5429499644318405,-0.5594989053861664,0.0703886429048452,-2.0321766092290394,-1.0475039081979456,-0.8641964146176347,1.0879082239773117,3.2705014822484286,-0.7293807651018358,-0.8641964146176347,1
1.0525949717269425,0.08043160167869182,0.21196282075362521,-0.6643026722031953,-0.25406600047369193,-0.6547178097520028,0.6614378277661477,-0.5429499644318405,-0.5594989053861664,0.0703886429048452,-2.0321766092290394,-1.0475039081979456,-0.8641964146176347,1.0879082239773117,-0.31717104994778084,-0.24145666033035654,-0.8641964146176347,1
-0.7678907034852477,0.5181438154823332,-0.8030838208721083,-0.6643026722031953,-0.12254877445260284,-0.6547178097520028,-1.5118578920369088,-0.5429499644318405,-0.5594989053861664,-1.097115289891867,0.7578782579046334,-1.0475039081979456,-0.8641964146176347,-0.9191951838952687,-0.31717104994778084,1.2238686390687468,-0.8641964146176347,1
-0.6204757658826999,-0.46670866557585994,1.30733689445046,-0.6643026722031953,0.15432959611811103,0.5568159192523812,-1.5118578920369088,1.783978454561761,1.7944903916653874,0.0703886429048452,-2.0321766092290394,-1.0475039081979456,-0.8641964146176347,-0.9191951838952687,-0.31717104994778084,-0.5967690222734117,-0.8641964146176347,1
2.2656600606732114,-0.0837104784976737,1.5507533552719788,-0.6643026722031953,-1.2300622567354582,-0.6440903209010872,-1.5118578920369088,1.783978454561761,1.7944903916653874,-0.16311214365449725,-1.2350180757622757,-1.0475039081979456,-0.8641964146176347,1.0879082239773117,-0.31717104994778084,-0.5135762622593253,-0.8641964146176347,1
-0.8202851692596476,1.4942420522644537,-0.11178107213899487,-0.6643026722031953,-0.5378663303086736,1.972264590583709,0.6614378277661477,-0.5429499644318405,-0.5594989053861664,0.5373902160235301,0.7578782579046334,-1.0475039081979456,-0.8641964146176347,1.0879082239773117,-0.31717104994778084,0.7074736504402791,-0.8641964146176347,1
0.23826064774178218,0.18985965512960218,-0.15316187047865304,-0.6643026722031953,-0.8147447008793874,-0.6547178097520028,0.6614378277661477,1.783978454561761,1.7944903916653874,-1.097115289891867,0.7578782579046334,-1.0475039081979456,-0.8641964146176347,1.0879082239773117,-0.31717104994778084,-0.02460150265414355,-0.8641964146176347,1
-0.7758830796203259,-0.6855647724776807,-0.6205214752559692,-0.6643026722031953,-0.3994271450233167,-0.4767073714991657,0.6614378277661477,1.783978454561761,1.7944903916653874,-1.3306160764512096,0.7578782579046334,-1.0475039081979456,-0.8641964146176347,1.0879082239773117,-0.31717104994778084,-0.42648107000577234,-0.8641964146176347,1
-0.9010969724032127,-1.0138489328304117,-0.6399947921216907,-0.6643026722031953,-1.2300622567354582,-0.6547178097520028,0.6614378277661477,-0.5429499644318405,-0.5594989053861664,-1.097115289891867,0.7578782579046334,-1.0475039081979456,-0.8641964146176347,1.0879082239773117,3.2705014822484286,-0.745770980507596,-0.8641964146176347,1
-0.412673986370674,2.1781673863326434,-0.8834112529432095,-0.6643026722031953,0.0020464923042184,-0.6547178097520028,0.6614378277661477,-0.5429499644318405,-0.5594989053861664,0.0703886429048452,-2.0321766092290394,-1.0475039081979456,-0.8641964146176347,1.0879082239773117,-0.31717104994778084,4.035254853352678,-0.8641964146176347,1
-0.7456896586655868,-0.9766433946571021,-0.8420304546035514,-0.6643026722031953,-1.2300622567354582,-0.6547178097520028,0.6614378277661477,-0.5429499644318405,-0.5594989053861664,0.7708910025828726,0.7578782579046334,-1.0475039081979456,-0.8641964146176347,-0.9191951838952687,3.2705014822484286,-0.6944099368397758,-0.8641964146176347,1
-1.4339220480750734,0.5181438154823332,-0.3965783313001719,-0.6643026722031953,2.6462349312545355,-0.6547178097520028,0.6614378277661477,-0.5429499644318405,-0.5594989053861664,-0.3966129302138397,0.7578782579046334,-1.0475039081979456,-0.8641964146176347,-0.9191951838952687,-0.31717104994778084,0.40154409789562373,-0.8641964146176347,1
0.7639813890713514,0.08043160167869182,-0.7811763393981717,-0.6643026722031953,2.577015338611857,-0.6547178097520028,0.6614378277661477,-0.5429499644318405,-0.5594989053861664,0.0703886429048452,-2.0321766092290394,-1.0475039081979456,-0.8641964146176347,-0.9191951838952687,-0.31717104994778084,0.6087922761668076,-0.8641964146176347,1
-0.3460708519116914,1.721852403442347,-0.7617030225324501,-0.6643026722031953,2.6462349312545355,-0.6547178097520028,0.6614378277661477,-0.5429499644318405,-0.5594989053861664,-1.3306160764512096,-2.0321766092290394,-1.0475039081979456,-0.8641964146176347,1.0879082239773117,-0.31717104994778084,2.53227210064446,-0.8641964146176347,1
-0.5831780105856695,-0.8956666351034285,-0.3965783313001719,-0.6643026722031953,-0.3994271450233167,-0.6520609375392739,0.6614378277661477,-0.5429499644318405,-0.5594989053861664,0.7708910025828726,0.7578782579046334,-1.0475039081979456,-0.8641964146176347,1.0879082239773117,-0.31717104994778084,-0.6572638173164905,-0.8641964146176347,1
0.8749866131696556,-0.7402787992031358,-0.7617030225324501,-0.6643026722031953,-1.2300622567354582,-0.13662772826986494,0.6614378277661477,1.783978454561761,1.7944903916653874,1.4713933622609,0.7578782579046334,-1.0475039081979456,-0.8641964146176347,-0.9191951838952687,-0.31717104994778084,-0.4179666723923904,-0.8641964146176347,1
0.15656080280543008,-0.658207759114953,-0.6205214752559692,-0.6643026722031953,-1.2300622567354582,-0.6547178097520028,-1.5118578920369088,-0.5429499644318405,-0.5594989053861664,-0.6301137167731822,0.7578782579046334,-1.0475039081979456,-0.8641964146176347,1.0879082239773117,-0.31717104994778084,-0.3998735774639537,-0.8641964146176347,1
-0.13205277985016106,-0.5673824747506975,-0.863937936077488,-0.6643026722031953,-0.34405147090917393,-0.6520609375392739,0.6614378277661477,1.783978454561761,1.7944903916653874,1.7048941488202425,-0.836438809028894,-1.0475039081979456,-0.8641964146176347,-0.9191951838952687,-0.31717104994778084,-0.10277022228161575,-0.8641964146176347,1
-0.6870789003416824,-0.8858181102928465,-0.8225571377378299,-0.6643026722031953,-0.3994271450233167,-0.4235699272445875,-1.5118578920369088,1.783978454561761,1.7944903916653874,-0.16311214365449725,-1.2350180757622757,-1.0475039081979456,-0.8641964146176347,-0.9191951838952687,-0.31717104994778084,-0.5753127402876891,-0.8641964146176347,1
-0.45707607600999567,1.721852403442347,-0.27487010088941244,-0.6643026722031953,-1.2300622567354582,-0.6095509821356113,0.6614378277661477,1.783978454561761,1.7944903916653874,0.5373902160235301,-0.836438809028894,-1.0475039081979456,-0.8641964146176347,1.0879082239773117,-0.31717104994778084,1.0753640645768796,-0.8641964146176347,1
-0.028151890094148094,-0.5575339499401155,-0.8420304546035514,-0.6643026722031953,0.8465255225448957,-0.6547178097520028,0.6614378277661477,-0.5429499644318405,-0.5594989053861664,-1.097115289891867,0.7578782579046334,-1.0475039081979456,-0.8641964146176347,-0.9191951838952687,-0.31717104994778084,-0.11584288611109485,-0.8641964146176347,1
-0.9383947277002431,0.09903437076534657,-0.7422297056667286,-0.6643026722031953,-0.26098795973795974,-0.16585332260988297,0.6614378277661477,1.783978454561761,1.7944903916653874,0.3038894294641877,0.7578782579046334,-1.0475039081979456,-0.8641964146176347,-0.9191951838952687,-0.31717104994778084,0.5463878619465286,-0.8641964146176347,1
-0.21286458299372626,-0.9317778927422289,-0.7422297056667286,-0.6643026722031953,0.29276878140346796,-0.2827556999699551,0.6614378277661477,-0.5429499644318405,-0.5594989053861664,-1.097115289891867,0.7578782579046334,-1.0475039081979456,-0.8641964146176347,-0.9191951838952687,-0.31717104994778084,-0.6504790304741059,-0.8641964146176347,1
1.8296315404150725,0.40871576203142285,0.6184683103255616,-0.6643026722031953,-0.7247592304439054,-0.6547178097520028,-1.5118578920369088,-0.5429499644318405,-0.5594989053861664,0.0703886429048452,-2.0321766092290394,-1.0475039081979456,-0.8641964146176347,1.0879082239773117,-0.31717104994778084,-0.22417293821901912,-0.8641964146176347,1
-0.7678907034852477,-0.9405321370183017,-0.5182865617109313,-0.6643026722031953,-0.12254877445260284,-0.6547178097520028,-1.5118578920369088,-0.5429499644318405,-0.5594989053861664,1.004391789142215,0.7578782579046334,-1.0475039081979456,-0.8641964146176347,-0.9191951838952687,3.2705014822484286,-0.683019870096971,-0.8641964146176347,1
0.23826064774178218,0.09903437076534657,-0.3551975329605137,-0.6643026722031953,2.0924781901131078,-0.6547178097520028,0.6614378277661477,1.783978454561761,1.7944903916653874,0.0703886429048452,-2.0321766092290394,-1.0475039081979456,-0.8641964146176347,1.0879082239773117,-0.31717104994778084,0.053694202593517,-0.8641964146176347,1
2.5705914112712525,0.2992877085805125,-0.8834112529432095,-0.6643026722031953,-1.2300622567354582,-0.6547178097520028,-1.5118578920369088,-0.5429499644318405,-0.5594989053861664,-0.16311214365449725,-1.2350180757622757,-1.0475039081979456,-0.8641964146176347,-0.9191951838952687,3.2705014822484286,1.2210548681836377,-0.8641964146176347,1
0.8003911025755949,0.7643569357468815,-0.8030838208721083,0.07649545922339826,-0.12254877445260284,-0.6068941099228824,-1.5118578920369088,1.783978454561761,1.7944903916653874,0.5373902160235301,0.7578782579046334,-1.0475039081979456,1.1571443517761548,-0.9191951838952687,-0.31717104994778084,1.5404178636435162,1.1571443517761548,1
-1.042295617456256,-0.8683096217407009,-0.3965783313001719,-0.2939036064898985,2.6462349312545355,-0.649404065326545,-1.5118578920369088,1.783978454561761,1.7944903916653874,-1.097115289891867,0.7578782579046334,-1.0475039081979456,1.1571443517761548,-0.9191951838952687,-0.31717104994778084,-0.6367760480592901,1.1571443517761548,1
-1.3602145792737994,-0.329923598762222,-0.8420304546035514,-0.2939036064898985,-1.2300622567354582,-0.6387765764756294,0.6614378277661477,-0.5429499644318405,-0.5594989053861664,1.4713933622609,0.7578782579046334,-1.0475039081979456,1.1571443517761548,-0.9191951838952687,-0.31717104994778084,0.1983658516214526,1.1571443517761548,1
-1.2643060656528646,-0.9591349061049564,-0.7203222241927919,0.8172935906499917,-0.12254877445260284,-0.6334628320501715,0.6614378277661477,-0.5429499644318405,-0.5594989053861664,1.004391789142215,0.7578782579046334,-1.0475039081979456,1.1571443517761548,-0.9191951838952687,-0.31717104994778084,-0.6843844059541867,1.1571443517761548,1
-0.005950845274487238,-0.39339186976375,-0.8834112529432095,1.1876926563632886,-0.011797426224317294,-0.2668144666935816,0.6614378277661477,-0.5429499644318405,-0.5594989053861664,-0.16311214365449725,-1.2350180757622757,-1.0475039081979456,1.1571443517761548,-0.9191951838952687,-0.31717104994778084,0.18355423299901197,1.1571443517761548,1
-0.5458802552886391,-0.35728061212494955,-0.27487010088941244,-0.2939036064898985,-1.2300622567354582,-0.5962666210719667,0.6614378277661477,-0.5429499644318405,-0.5594989053861664,-1.097115289891867,0.7578782579046334,-1.0475039081979456,1.1571443517761548,-0.9191951838952687,-0.31717104994778084,-0.30869856968732184,1.1571443517761548,1
-0.7678907034852477,-0.8409526083779733,-0.8420304546035514,-0.6643026722031953,-0.23330012268088837,-0.6547178097520028,-1.5118578920369088,-0.5429499644318405,-0.5594989053861664,0.0703886429048452,0.7578782579046334,-1.0475039081979456,-0.8641964146176347,-0.9191951838952687,-0.31717104994778084,-0.5070931893453725,-0.8641964146176347,1
0.8225921473952558,-0.6855647724776807,-0.8834112529432095,-0.6643026722031953,0.8465255225448957,-0.6547178097520028,0.6614378277661477,-0.5429499644318405,-0.5594989053861664,0.0703886429048452,-2.0321766092290394,-1.0475039081979456,-0.8641964146176347,-0.9191951838952687,3.2705014822484286,-0.25406451833478755,-0.8641964146176347,1
-0.8051884587822781,-0.9131751236555742,-0.8225571377378299,-0.6643026722031953,0.7080863372595387,-0.5085898380519126,0.6614378277661477,-0.5429499644318405,-0.5594989053861664,0.5373902160235301,0.7578782579046334,-1.0475039081979456,-0.8641964146176347,1.0879082239773117,-0.31717104994778084,-0.6117354411893786,-0.8641964146176347,1
-0.8051884587822781,-0.7402787992031358,0.6987957423966629,-0.6643026722031953,0.7080863372595387,-0.6547178097520028,-1.5118578920369088,1.783978454561761,1.7944903916653874,-0.16311214365449725,-1.2350180757622757,-1.0475039081979456,-0.8641964146176347,-0.9191951838952687,-0.31717104994778084,-0.6493579487090061,-0.8641964146176347,1
-0.7829874139626172,-0.9864919194676841,-0.8225571377378299,-0.6643026722031953,0.15432959611811103,-0.468736754860979,0.6614378277661477,1.783978454561761,1.7944903916653874,0.5373902160235301,0.7578782579046334,-1.0475039081979456,-0.8641964146176347,-0.9191951838952687,-0.31717104994778084,-0.7093482796059065,-0.8641964146176347,1
-0.6870789003416824,-0.6220965014761526,-0.6205214752559692,-0.6643026722031953,-0.28867579679503114,-0.6520609375392739,0.6614378277661477,-0.5429499644318405,-0.5594989053861664,-1.097115289891867,0.7578782579046334,-1.0475039081979456,-0.8641964146176347,1.0879082239773117,-0.31717104994778084,-0.3647516873087531,-0.8641964146176347,1
0.6307751201533862,-0.8595553774646281,-0.7008489073270704,0.07649545922339826,0.32737857772480716,0.6737182966124533,0.6614378277661477,-0.5429499644318405,-0.5594989053861664,-1.097115289891867,0.7578782579046334,-1.0475039081979456,1.1571443517761548,-0.9191951838952687,-0.31717104994778084,-0.577696771619436,1.1571443517761548,1
-0.4206663625057522,-0.4579544212997871,-0.8834112529432095,-0.6643026722031953,0.015890410832754092,-0.4953054769882681,-1.5118578920369088,1.783978454561761,1.7944903916653874,-0.16311214365449725,-1.2350180757622757,-1.0475039081979456,-0.8641964146176347,1.0879082239773117,-0.31717104994778084,0.08685196210502633,-0.8641964146176347,1
0.3270648270204256,-0.46670866557585994,-0.3965783313001719,-0.6643026722031953,0.2235491887607895,-0.6547178097520028,0.6614378277661477,-0.5429499644318405,-0.5594989053861664,0.0703886429048452,0.7578782579046334,-1.0475039081979456,-0.8641964146176347,1.0879082239773117,-0.31717104994778084,-0.33601559536358894,-0.8641964146176347,1
-0.9677001068621953,-0.7763900568419362,-0.15316187047865304,-0.6643026722031953,-0.48249065619453085,-0.6361197042629004,0.6614378277661477,-0.5429499644318405,-0.5594989053861664,1.004391789142215,0.7578782579046334,-1.0475039081979456,-0.8641964146176347,-0.9191951838952687,-0.31717104994778084,-0.6035039107855967,-0.8641964146176347,1
-0.16846249335440455,-0.7402787992031358,-0.031453640067893626,-0.6643026722031953,0.15432959611811103,-0.6547178097520028,0.6614378277661477,-0.5429499644318405,-0.5594989053861664,1.4713933622609,0.7578782579046334,-1.0475039081979456,-0.8641964146176347,-0.9191951838952687,-0.31717104994778084,-0.5967690222734117,-0.8641964146176347,1
-0.45707607600999567,-0.8311040835673914,-0.3162508992290706,-0.6643026722031953,-0.5378663303086736,-0.6547178097520028,0.6614378277661477,-0.5429499644318405,-0.5594989053861664,-0.8636145033325247,0.7578782579046334,-1.0475039081979456,-0.8641964146176347,-0.9191951838952687,-0.31717104994778084,-0.619342991003579,-0.8641964146176347,1
0.20895526857983,-0.5400254613879698,-0.15316187047865304,-0.6643026722031953,-0.3994271450233167,-0.6547178097520028,0.6614378277661477,-0.5429499644318405,-0.5594989053861664,-1.097115289891867,0.7578782579046334,-1.0475039081979456,-0.8641964146176347,-0.9191951838952687,1.476665216150324,-0.4618924496798279,-0.8641964146176347,1
-0.598274721063039,-0.7402787992031358,-0.7617030225324501,-0.6643026722031953,-0.4686467376659952,-0.6547178097520028,0.6614378277661477,-0.5429499644318405,-0.5594989053861664,-1.097115289891867,0.7578782579046334,-1.0475039081979456,-0.8641964146176347,-0.9191951838952687,-0.31717104994778084,-0.4179666723923904,-0.8641964146176347,1
-0.32386980709203056,-0.5673824747506975,-0.7617030225324501,-0.6643026722031953,0.015890410832754092,-0.5218741991155572,-1.5118578920369088,-0.5429499644318405,-0.5594989053861664,1.4713933622609,0.7578782579046334,-1.0475039081979456,-0.8641964146176347,1.0879082239773117,-0.31717104994778084,-0.21079434966358038,-0.8641964146176347,1
0.5490752752170341,-0.8311040835673914,-0.863937936077488,-0.6643026722031953,-0.3994271450233167,-0.6414334486883583,0.6614378277661477,-0.5429499644318405,-0.5594989053861664,-0.3966129302138397,0.7578782579046334,-1.0475039081979456,-0.8641964146176347,-0.9191951838952687,-0.31717104994778084,-0.4825819446650992,-0.8641964146176347,1
1.5854200473988032,-0.5126684480252423,-0.7422297056667286,-0.6643026722031953,0.15432959611811103,-0.6467471931138161,0.6614378277661477,-0.5429499644318405,-0.5594989053861664,-0.16311214365449725,-1.2350180757622757,-1.0475039081979456,-0.8641964146176347,-0.9191951838952687,-0.31717104994778084,-0.163854805636417,-0.8641964146176347,1
0.2009628924447518,-0.9405321370183017,-0.8420304546035514,-0.6643026722031953,0.015890410832754092,-0.6547178097520028,0.6614378277661477,1.783978454561761,1.7944903916653874,-0.8636145033325247,0.7578782579046334,-1.0475039081979456,-0.8641964146176347,-0.9191951838952687,-0.31717104994778084,-0.6445595121033619,-0.8641964146176347,1
1.8216391642799943,-0.35728061212494955,-0.15316187047865304,-0.6643026722031953,0.015890410832754092,-0.6440903209010872,0.6614378277661477,1.783978454561761,1.7944903916653874,-0.16311214365449725,-1.2350180757622757,-1.0475039081979456,-0.8641964146176347,-0.9191951838952687,-0.31717104994778084,-0.35240581076934924,-0.8641964146176347,1
-0.7456896586655868,-0.32116935448614914,-0.8030838208721083,-0.6643026722031953,-0.12254877445260284,1.972264590583709,0.6614378277661477,1.783978454561761,1.7944903916653874,-1.097115289891867,0.7578782579046334,-1.0475039081979456,-0.8641964146176347,-0.9191951838952687,-0.31717104994778084,0.1447875046294219,-0.8641964146176347,1
-0.8424862140793085,-0.6768105282016078,-0.8420304546035514,-0.6643026722031953,1.234155241343895,-0.6547178097520028,0.6614378277661477,-0.5429499644318405,-0.5594989053861664,0.5373902160235301,0.7578782579046334,-1.0475039081979456,-0.8641964146176347,1.0879082239773117,-0.31717104994778084,-0.2805003496344009,-0.8641964146176347,1
-0.5387759209463477,-0.794992825928591,-0.6399947921216907,-0.6643026722031953,0.15432959611811103,-0.6547178097520028,0.6614378277661477,-0.5429499644318405,-0.5594989053861664,-1.3306160764512096,0.7578782579046334,-1.0475039081979456,-0.8641964146176347,-0.9191951838952687,-0.31717104994778084,-0.527234775097459,-0.8641964146176347,1
2.4210673744108373,-0.42074888312647757,0.2922902528247264,-0.6643026722031953,0.9849647078302526,-0.6547178097520028,0.6614378277661477,-0.5429499644318405,-0.5594989053861664,-1.097115289891867,0.7578782579046334,-1.0475039081979456,-0.8641964146176347,1.0879082239773117,-0.31717104994778084,-0.4856393040823523,-0.8641964146176347,1
-1.093802041437869,-1.0138489328304117,-0.8834112529432095,0.8172935906499917,-0.9185740898434052,-0.6520609375392739,0.6614378277661477,1.783978454561761,1.7944903916653874,-0.16311214365449725,-1.2350180757622757,-1.0475039081979456,1.1571443517761548,-0.9191951838952687,-0.31717104994778084,-0.745770980507596,1.1571443517761548,1
-1.042295617456256,-0.8858181102928465,-0.8834112529432095,0.446894524936695,1.192623485758288,1.3884169218365305,0.6614378277661477,-0.5429499644318405,-0.5594989053861664,-0.16311214365449725,-1.2350180757622757,-1.0475039081979456,1.1571443517761548,-0.9191951838952687,-0.31717104994778084,-0.5540054602602007,1.1571443517761548,1
1.9548454331979594,-0.9777376751916113,-0.8834112529432095,-0.6643026722031953,-0.8009007823508518,-0.5829822600083222,-1.5118578920369088,-0.5429499644318405,-0.5594989053861664,-0.16311214365449725,-1.2350180757622757,-1.0475039081979456,-0.8641964146176347,1.0879082239773117,3.2705014822484286,-0.6916832696685871,-0.8641964146176347,1
-0.36827189673135224,-0.7402787992031358,-0.8834112529432095,-0.2939036064898985,-0.5932420044228164,0.14234385406667086,-1.5118578920369088,-0.5429499644318405,-0.5594989053861664,-0.16311214365449725,-1.2350180757622757,-1.0475039081979456,1.1571443517761548,-0.9191951838952687,-0.31717104994778084,-0.33601559536358894,1.1571443517761548,1
-0.4792771208296565,-0.8223498392913186,-0.7008489073270704,0.07649545922339826,-0.025641344752852985,-0.6467471931138161,0.6614378277661477,-0.5429499644318405,-0.5594989053861664,0.5373902160235301,0.7578782579046334,-1.0475039081979456,1.1571443517761548,1.0879082239773117,-0.31717104994778084,-0.5371682389797379,1.1571443517761548,1
-0.7314809899810042,-1.0138489328304117,-0.3965783313001719,2.1136903206465303,-1.2300622567354582,-0.6547178097520028,0.6614378277661477,-0.5429499644318405,-0.5594989053861664,0.5373902160235301,0.7578782579046334,-1.0475039081979456,1.1571443517761548,-0.9191951838952687,3.2705014822484286,-0.745770980507596,1.1571443517761548,1
0.7337879681166123,0.08043160167869182,-0.8834112529432095,0.07649545922339826,-1.1123889492429049,-0.6520609375392739,0.6614378277661477,-0.5429499644318405,-0.5594989053861664,-0.16311214365449725,-1.2350180757622757,-1.0475039081979456,1.1571443517761548,-0.9191951838952687,-0.31717104994778084,0.8932505600684322,1.1571443517761548,1
-0.06544964539117848,-0.42074888312647757,-0.8225571377378299,-0.6643026722031953,-0.6763055155940305,-0.6547178097520028,0.6614378277661477,1.783978454561761,1.7944903916653874,0.7708910025828726,0.7578782579046334,-1.0475039081979456,-0.8641964146176347,1.0879082239773117,3.2705014822484286,0.04387317504103267,-0.8641964146176347,1
-1.2492093551754953,-0.35728061212494955,-0.863937936077488,-0.6643026722031953,-0.12254877445260284,-0.5484429212428463,0.6614378277661477,-0.5429499644318405,-0.5594989053861664,0.5373902160235301,0.7578782579046334,-1.0475039081979456,-0.8641964146176347,1.0879082239773117,-0.31717104994778084,0.19981836982472795,-0.8641964146176347,1
-1.2119115998784649,-1.0138489328304117,-0.8834112529432095,-0.6643026722031953,-0.6347737600084234,-0.6547178097520028,-1.5118578920369088,1.783978454561761,1.7944903916653874,0.3038894294641877,-1.2350180757622757,-1.0475039081979456,-0.8641964146176347,-0.9191951838952687,-0.31717104994778084,-0.745770980507596,-0.8641964146176347,1
-0.25371450546190233,1.4482822698150712,-0.8834112529432095,-0.6643026722031953,-0.12254877445260284,1.972264590583709,-1.5118578920369088,-0.5429499644318405,-0.5594989053861664,-0.16311214365449725,-1.2350180757622757,-1.0475039081979456,-0.8641964146176347,-0.9191951838952687,-0.31717104994778084,2.942027485788467,-0.8641964146176347,1
-1.3158124896344776,-0.9864919194676841,-0.8030838208721083,-0.6643026722031953,-0.31636363385210253,-0.6547178097520028,0.6614378277661477,-0.5429499644318405,-0.5594989053861664,-1.097115289891867,0.7578782579046334,-1.0475039081979456,-0.8641964146176347,-0.9191951838952687,-0.31717104994778084,-0.7105988444437327,-0.8641964146176347,1
-0.3540632280467696,-0.6494535148388801,-0.8834112529432095,-0.6643026722031953,1.1234038931156096,-0.6520609375392739,-1.5118578920369088,-0.5429499644318405,-0.5594989053861664,-0.16311214365449725,-1.2350180757622757,-1.0475039081979456,-0.8641964146176347,-0.9191951838952687,-0.31717104994778084,-0.19997680749577862,-0.8641964146176347,1
-0.005950845274487238,-0.7676358125658633,-0.8834112529432095,-0.2939036064898985,-0.565554167365745,-0.6042372377101535,0.6614378277661477,-0.5429499644318405,-0.5594989053861664,-0.16311214365449725,-1.2350180757622757,-1.0475039081979456,1.1571443517761548,-0.9191951838952687,-0.31717104994778084,-0.37699113387798966,1.1571443517761548,1
-1.0049978621592257,0.5181438154823332,-0.6399947921216907,-0.6643026722031953,-1.2300622567354582,-0.6547178097520028,0.6614378277661477,-0.5429499644318405,-0.5594989053861664,-1.097115289891867,0.7578782579046334,-1.0475039081979456,-0.8641964146176347,-0.9191951838952687,-0.31717104994778084,0.7839824573633637,-0.8641964146176347,1
-0.25371450546190233,-0.35728061212494955,2.190938647232573,-0.6643026722031953,-1.2300622567354582,-0.6520609375392739,0.6614378277661477,1.783978454561761,1.7944903916653874,0.0703886429048452,-2.0321766092290394,-1.0475039081979456,-0.8641964146176347,-0.9191951838952687,-0.31717104994778084,-0.6113331234541965,-0.8641964146176347,1
0.726683633774321,-0.658207759114953,-0.15316187047865304,-0.6643026722031953,-1.2300622567354582,0.18485380947033345,0.6614378277661477,-0.5429499644318405,-0.5594989053861664,-1.097115289891867,0.7578782579046334,-1.0475039081979456,-0.8641964146176347,-0.9191951838952687,-0.31717104994778084,-0.5326981802327124,-0.8641964146176347,1
0.4602710959383907,-0.0837104784976737,0.8205039728074223,-0.6643026722031953,1.9125072492421438,-0.5218741991155572,0.6614378277661477,-0.5429499644318405,-0.5594989053861664,1.004391789142215,0.7578782579046334,-1.0475039081979456,-0.8641964146176347,-0.9191951838952687,-0.31717104994778084,-0.43617802284323515,-0.8641964146176347,1
-0.13915711419245239,-0.8683096217407009,-0.7617030225324501,-0.6643026722031953,0.8465255225448957,-0.6547178097520028,0.6614378277661477,-0.5429499644318405,-0.5594989053861664,1.4713933622609,0.7578782579046334,-1.0475039081979456,-0.8641964146176347,1.0879082239773117,-0.31717104994778084,-0.5713790885903066,-0.8641964146176347,1
1.8740336300543943,-0.6855647724776807,0.9422122032181817,-0.6643026722031953,-1.2300622567354582,0.27518746470311645,0.6614378277661477,-0.5429499644318405,-0.5594989053861664,-0.6301137167731822,0.7578782579046334,-1.0475039081979456,-0.8641964146176347,1.0879082239773117,-0.31717104994778084,-0.6422538305764784,-0.8641964146176347,1
0.4309657167764386,2.6013803830540385,-0.8420304546035514,-0.6643026722031953,0.9849647078302526,1.972264590583709,0.6614378277661477,-0.5429499644318405,-0.5594989053861664,1.4713933622609,0.7578782579046334,-1.0475039081979456,-0.8641964146176347,-0.9191951838952687,-0.31717104994778084,4.244936314126553,-0.8641964146176347,1
0.2897670717233952,-1.0138489328304117,-0.8834112529432095,-0.6643026722031953,-0.12254877445260284,-0.6547178097520028,0.6614378277661477,-0.5429499644318405,-0.5594989053861664,-1.097115289891867,0.7578782579046334,-1.0475039081979456,-0.8641964146176347,-0.9191951838952687,1.476665216150324,-0.745770980507596,-0.8641964146176347,1
-0.14626144853474368,-0.8497068526540461,-0.863937936077488,-0.6643026722031953,0.4312079666888249,-0.6547178097520028,0.6614378277661477,1.783978454561761,1.7944903916653874,-1.097115289891867,0.7578782579046334,-1.0475039081979456,-0.8641964146176347,-0.9191951838952687,-0.31717104994778084,-0.509373642924515,-0.8641964146176347,1
0.4309657167764386,0.18985965512960218,1.5507533552719788,-0.6643026722031953,0.2235491887607895,1.1705534003927598,0.6614378277661477,-0.5429499644318405,-0.5594989053861664,0.0703886429048452,-2.0321766092290394,-1.0475039081979456,-0.8641964146176347,-0.9191951838952687,-0.31717104994778084,-0.44528369806865753,-0.8641964146176347,1
-0.5014781656493174,-0.9503806618288837,-0.15316187047865304,-0.6643026722031953,-0.12254877445260284,-0.6547178097520028,0.6614378277661477,1.783978454561761,1.7944903916653874,-1.097115289891867,0.7578782579046334,-1.0475039081979456,-0.8641964146176347,1.0879082239773117,-0.31717104994778084,-0.7077456807662321,-0.8641964146176347,1
-0.6053790554053303,-0.4853114346625147,-0.8834112529432095,-0.6643026722031953,-0.3994271450233167,-0.6547178097520028,-1.5118578920369088,1.783978454561761,1.7944903916653874,-1.097115289891867,0.7578782579046334,-1.0475039081979456,-0.8641964146176347,-0.9191951838952687,-0.31717104994778084,0.04587642359062562,-0.8641964146176347,1
-0.6426768107023607,-0.8223498392913186,-0.8420304546035514,0.8172935906499917,0.5281153963885747,1.972264590583709,0.6614378277661477,-0.5429499644318405,-0.5594989053861664,0.7708910025828726,0.7578782579046334,-1.0475039081979456,1.1571443517761548,-0.9191951838952687,-0.31717104994778084,-0.4814126675114624,1.1571443517761548,1
-0.8344938379442303,-0.9044208793795013,-0.8225571377378299,-0.6643026722031953,1.2618430784009664,-0.6547178097520028,0.6614378277661477,-0.5429499644318405,-0.5594989053861664,-1.097115289891867,0.7578782579046334,-1.0475039081979456,-0.8641964146176347,-0.9191951838952687,-0.31717104994778084,-0.6000801769008379,-0.8641964146176347,1
0.46737543028068207,-0.9503806618288837,-0.8834112529432095,2.1136903206465303,0.15432959611811103,-0.6068941099228824,-1.5118578920369088,-0.5429499644318405,-0.5594989053861664,-0.16311214365449725,-1.2350180757622757,-1.0475039081979456,1.1571443517761548,-0.9191951838952687,-0.31717104994778084,-0.6507077311541863,1.1571443517761548,1
-0.7385853243232955,-0.6122479766655707,-0.8834112529432095,-0.2939036064898985,0.15432959611811103,-0.5139035824773704,-1.5118578920369088,-0.5429499644318405,-0.5594989053861664,0.3038894294641877,-0.4378595422955121,-1.0475039081979456,1.1571443517761548,-0.9191951838952687,-0.31717104994778084,-0.14425007511619367,1.1571443517761548,1
-0.33186218322710875,-0.35728061212494955,0.4748525984408656,-0.2939036064898985,0.7080863372595387,-0.6281490876247137,-1.5118578920369088,-0.5429499644318405,-0.5594989053861664,0.7708910025828726,0.7578782579046334,-1.0475039081979456,1.1571443517761548,1.0879082239773117,-0.31717104994778084,-0.4862952748755071,1.1571443517761548,1
-0.02104755575185677,-0.33867784303829485,0.3336710511643846,0.07649545922339826,-0.12254877445260284,-0.5457860490301174,0.6614378277661477,-0.5429499644318405,-0.5594989053861664,-1.097115289891867,0.7578782579046334,-1.0475039081979456,1.1571443517761548,1.0879082239773117,-0.31717104994778084,-0.456834897497479,1.1571443517761548,1
-0.07965831407576113,-0.7129217858404082,-0.863937936077488,0.446894524936695,-1.2300622567354582,-0.5670410267319487,-1.5118578920369088,-0.5429499644318405,-0.5594989053861664,1.4713933622609,-0.836438809028894,-1.0475039081979456,1.1571443517761548,-0.9191951838952687,-0.31717104994778084,-0.31237586160528086,1.1571443517761548,1
-0.8202851692596476,-0.5028199232146603,-0.5182865617109313,-0.6643026722031953,0.015890410832754092,-0.6547178097520028,0.6614378277661477,-0.5429499644318405,-0.5594989053861664,0.5373902160235301,0.7578782579046334,-1.0475039081979456,-0.8641964146176347,-0.9191951838952687,-0.31717104994778084,-0.30838637510816447,-0.8641964146176347,1
-1.3309092001118472,-0.11982173613647412,-0.6813755904613489,-0.6643026722031953,-0.3994271450233167,-0.6547178097520028,0.6614378277661477,-0.5429499644318405,-0.5594989053861664,0.0703886429048452,-0.836438809028894,-1.0475039081979456,-0.8641964146176347,1.0879082239773117,-0.31717104994778084,0.2005757323196938,-0.8641964146176347,1
-0.8344938379442303,1.5391075541793267,-0.8420304546035514,-0.6643026722031953,0.9849647078302526,-0.6414334486883583,-1.5118578920369088,-0.5429499644318405,-0.5594989053861664,0.5373902160235301,-0.836438809028894,-1.0475039081979456,-0.8641964146176347,-0.9191951838952687,-0.31717104994778084,2.778502986463716,-0.8641964146176347,1
-0.909089348538291,-0.11106749186040128,-0.863937936077488,-0.6643026722031953,-0.26098795973795974,-0.3890305884791116,0.6614378277661477,1.783978454561761,1.7944903916653874,0.0703886429048452,-0.836438809028894,-1.0475039081979456,-0.8641964146176347,-0.9191951838952687,-0.31717104994778084,0.5544143761993494,-0.8641964146176347,1
-1.2341126446981256,0.40871576203142285,-0.8225571377378299,-0.6643026722031953,-0.8147447008793874,-0.3890305884791116,0.6614378277661477,-0.5429499644318405,-0.5594989053861664,0.0703886429048452,0.7578782579046334,-1.0475039081979456,-0.8641964146176347,-0.9191951838952687,-0.31717104994778084,1.1482094663802587,-0.8641964146176347,1
-1.0787053309604997,-0.13842450522312888,-0.3965783313001719,-0.6643026722031953,1.2618430784009664,1.972264590583709,0.6614378277661477,1.783978454561761,1.7944903916653874,0.0703886429048452,0.7578782579046334,-1.0475039081979456,-0.8641964146176347,1.0879082239773117,-0.31717104994778084,-0.09016236427718473,-0.8641964146176347,1
-0.9454990620425345,-0.923023648466156,-0.8225571377378299,-0.6643026722031953,-1.2300622567354582,-0.5378154323919306,0.6614378277661477,-0.5429499644318405,-0.5594989053861664,-1.097115289891867,0.7578782579046334,-1.0475039081979456,-0.8641964146176347,-0.9191951838952687,-0.31717104994778084,-0.6248476135139869,-0.8641964146176347,1
-0.40556965202838263,-0.5761367190267702,-0.5182865617109313,-0.6643026722031953,-0.6763055155940305,-0.6547178097520028,0.6614378277661477,-0.5429499644318405,-0.5594989053861664,-0.6301137167731822,0.7578782579046334,-1.0475039081979456,-0.8641964146176347,1.0879082239773117,-0.31717104994778084,-0.3711374855187896,-0.8641964146176347,1
-0.6870789003416824,-0.8311040835673914,-0.8420304546035514,-0.6643026722031953,0.29276878140346796,-0.6414334486883583,0.6614378277661477,-0.5429499644318405,-0.5594989053861664,0.0703886429048452,-0.836438809028894,-1.0475039081979456,-0.8641964146176347,1.0879082239773117,-0.31717104994778084,-0.49349761896271427,-0.8641964146176347,1
0.6973782546123688,-0.46670866557585994,2.190938647232573,-0.6643026722031953,0.15432959611811103,-0.6547178097520028,0.6614378277661477,1.783978454561761,1.7944903916653874,0.0703886429048452,-0.836438809028894,-1.0475039081979456,-0.8641964146176347,1.0879082239773117,3.2705014822484286,-0.6337394329630964,-0.8641964146176347,1
-0.7607863691429563,1.5029962965405264,-0.6813755904613489,-0.6643026722031953,-1.2300622567354582,-0.6547178097520028,0.6614378277661477,-0.5429499644318405,-0.5594989053861664,0.0703886429048452,0.7578782579046334,-1.0475039081979456,-0.8641964146176347,-0.9191951838952687,-0.31717104994778084,1.918362972372167,-0.8641964146176347,1
-0.4277706968480435,-0.42074888312647757,-0.8420304546035514,-0.6643026722031953,-0.6763055155940305,-0.6547178097520028,0.6614378277661477,1.783978454561761,1.7944903916653874,-1.097115289891867,0.7578782579046334,-1.0475039081979456,-0.8641964146176347,-0.9191951838952687,3.2705014822484286,0.07298448031471487,-0.8641964146176347,1
-1.2785147343374472,-0.9044208793795013,-0.8030838208721083,1.5580917220765853,0.4312079666888249,-0.5617272823064909,-1.5118578920369088,-0.5429499644318405,-0.5594989053861664,0.0703886429048452,0.7578782579046334,-1.0475039081979456,1.1571443517761548,1.0879082239773117,-0.31717104994778084,-0.605082436252143,1.1571443517761548,1
-0.6941832346839738,-0.32116935448614914,-0.6813755904613489,-0.2939036064898985,0.7080863372595387,-0.4421680327336898,0.6614378277661477,1.783978454561761,1.7944903916653874,0.5373902160235301,0.7578782579046334,-1.0475039081979456,1.1571443517761548,1.0879082239773117,-0.31717104994778084,-0.012554983910687316,1.1571443517761548,1
-1.2421050208332038,1.065284082736885,-0.031453640067893626,2.1136903206465303,-1.2300622567354582,-0.6281490876247137,-1.5118578920369088,-0.5429499644318405,-0.5594989053861664,-1.3306160764512096,0.7578782579046334,-1.0475039081979456,1.1571443517761548,1.0879082239773117,-0.31717104994778084,0.3866439020722053,1.1571443517761548,1
-0.6719821898643129,-0.923023648466156,-0.863937936077488,0.07649545922339826,-0.34405147090917393,-0.6387765764756294,0.6614378277661477,1.783978454561761,1.7944903916653874,-1.097115289891867,0.7578782579046334,-1.0475039081979456,1.1571443517761548,-0.9191951838952687,-0.31717104994778084,-0.6149644537116246,1.1571443517761548,1
0.2977594478584734,-0.7774843373764453,-0.3162508992290706,-0.6643026722031953,-1.0362473973359585,-0.6547178097520028,0.6614378277661477,-0.5429499644318405,-0.5594989053861664,0.7708910025828726,0.7578782579046334,-1.0475039081979456,-0.8641964146176347,-0.9191951838952687,3.2705014822484286,-0.5822473533646758,-0.8641964146176347,1
2.5705914112712525,2.6013803830540385,-0.863937936077488,0.07649545922339826,-1.2300622567354582,0.27784433691584537,0.6614378277661477,1.783978454561761,1.7944903916653874,-0.16311214365449725,-1.2350180757622757,-1.0475039081979456,1.1571443517761548,-0.9191951838952687,-0.31717104994778084,4.460880379759762,1.1571443517761548,1
-0.2794677174527088,-0.9864919194676841,-0.8420304546035514,-0.6643026722031953,0.26508094434639656,1.972264590583709,0.6614378277661477,1.783978454561761,1.7944903916653874,0.5373902160235301,0.7578782579046334,-1.0475039081979456,-0.8641964146176347,-0.9191951838952687,-0.31717104994778084,-0.7080055072224342,-0.8641964146176347,1
-0.6053790554053303,1.9045972527053676,-0.863937936077488,-0.6643026722031953,-0.3994271450233167,0.6072964912942305,0.6614378277661477,1.783978454561761,1.7944903916653874,-1.3306160764512096,0.7578782579046334,-1.0475039081979456,-0.8641964146176347,1.0879082239773117,-0.31717104994778084,3.4573736817195844,-0.8641964146176347,1
-1.1088987519152387,-0.2390983143979664,-0.8834112529432095,-0.6643026722031953,0.015890410832754092,-0.6520609375392739,0.6614378277661477,1.783978454561761,1.7944903916653874,-0.16311214365449725,-1.2350180757622757,-1.0475039081979456,-0.8641964146176347,1.0879082239773117,-0.31717104994778084,0.41465627022023194,-0.8641964146176347,1
1.244411998968812,-0.794992825928591,-0.8225571377378299,-0.6643026722031953,0.5904130297669854,-0.6547178097520028,0.6614378277661477,-0.5429499644318405,-0.5594989053861664,1.004391789142215,0.7578782579046334,-1.0475039081979456,-0.8641964146176347,1.0879082239773117,-0.31717104994778084,-0.4543893732940799,-0.8641964146176347,1
1.4149160231838076,-0.8497068526540461,0.45537928157514407,-0.2939036064898985,1.0749501782657347,1.7152122040021867,-1.5118578920369088,-0.5429499644318405,-0.5594989053861664,1.004391789142215,-0.836438809028894,0.9546503761693188,1.1571443517761548,-0.9191951838952687,-0.31717104994778084,-0.6802101188845548,1.1571443517761548,0
-0.6346844345672825,-0.8223498392913186,1.3681910096558396,0.07649545922339826,2.369356560683822,1.972264590583709,0.6614378277661477,-0.5429499644318405,-0.5594989053861664,1.004391789142215,0.7578782579046334,0.9546503761693188,1.1571443517761548,1.0879082239773117,-0.31717104994778084,-0.6947791992452307,1.1571443517761548,0
0.7044825889546601,1.065284082736885,2.190938647232573,2.1136903206465303,0.4312079666888249,1.972264590583709,0.6614378277661477,-0.5429499644318405,-0.5594989053861664,0.7708910025828726,0.7578782579046334,0.9546503761693188,1.1571443517761548,-0.9191951838952687,-0.31717104994778084,-0.3200510998384978,1.1571443517761548,0
-0.960595772519904,1.5763130923526365,2.0375862769150164,-0.6643026722031953,1.1234038931156096,-0.6547178097520028,-1.5118578920369088,-0.5429499644318405,-0.5594989053861664,-1.097115289891867,-0.836438809028894,0.9546503761693188,-0.8641964146176347,-0.9191951838952687,-0.31717104994778084,-0.19154755385853045,-0.8641964146176347,0
-1.1088987519152387,-0.047599220858873276,0.5770875119859035,-0.6643026722031953,0.4312079666888249,-0.6547178097520028,-1.5118578920369088,1.783978454561761,1.7944903916653874,-1.097115289891867,-0.836438809028894,0.9546503761693188,-0.8641964146176347,-0.9191951838952687,-0.31717104994778084,-0.3839569754254378,-0.8641964146176347,0
-1.0787053309604997,1.065284082736885,-0.15316187047865304,-0.6643026722031953,-0.3994271450233167,1.972264590583709,0.6614378277661477,-0.5429499644318405,-0.5594989053861664,1.4713933622609,0.7578782579046334,0.9546503761693188,-0.8641964146176347,-0.9191951838952687,-0.31717104994778084,0.49988539033018536,-0.8641964146176347,0
-0.5609769657660086,-0.8223498392913186,-0.3771050144344504,-0.6643026722031953,-0.12254877445260284,1.972264590583709,-1.5118578920369088,-0.5429499644318405,-0.5594989053861664,1.7048941488202425,-0.836438809028894,0.9546503761693188,-0.8641964146176347,1.0879082239773117,-0.31717104994778084,-0.6051686424679857,-0.8641964146176347,0
-0.9899011516818562,1.0105700560114297,-0.07283443840755181,0.446894524936695,-0.9531838861647445,-0.5803253877955933,0.6614378277661477,-0.5429499644318405,-0.5594989053861664,-1.097115289891867,0.7578782579046334,0.9546503761693188,1.1571443517761548,1.0879082239773117,-0.31717104994778084,0.39201132720934656,1.1571443517761548,0
-0.49437383130702606,-0.9044208793795013,-0.17263518734437458,1.1876926563632886,0.9295890337161098,-0.6547178097520028,0.6614378277661477,-0.5429499644318405,-0.5594989053861664,-1.097115289891867,0.7578782579046334,0.9546503761693188,1.1571443517761548,1.0879082239773117,-0.31717104994778084,-0.6791440886142616,1.1571443517761548,0
-0.9677001068621953,0.5181438154823332,-0.09230775527327334,0.446894524936695,0.15432959611811103,1.972264590583709,0.6614378277661477,-0.5429499644318405,-0.5594989053861664,-1.097115289891867,0.7578782579046334,0.9546503761693188,1.1571443517761548,-0.9191951838952687,-0.31717104994778084,0.1283738411329523,1.1571443517761548,0
-0.25371450546190233,-0.13842450522312888,1.5507533552719788,0.446894524936695,0.7773059299022173,1.972264590583709,0.6614378277661477,-0.5429499644318405,-0.5594989053861664,1.7048941488202425,0.7578782579046334,0.9546503761693188,1.1571443517761548,1.0879082239773117,-0.31717104994778084,-0.527234775097459,1.1571443517761548,0
0.6822815441349993,0.08043160167869182,0.8205039728074223,2.1136903206465303,-1.2300622567354582,-0.6547178097520028,0.6614378277661477,-0.5429499644318405,-0.5594989053861664,-0.8636145033325247,0.7578782579046334,0.9546503761693188,1.1571443517761548,1.0879082239773117,-0.31717104994778084,-0.38154397149070085,1.1571443517761548,0
2.5705914112712525,-0.9777376751916113,-0.8834112529432095,-0.2939036064898985,0.3758322925746821,-0.3890305884791116,-1.5118578920369088,-0.5429499644318405,-0.5594989053861664,-0.16311214365449725,-1.2350180757622757,0.9546503761693188,1.1571443517761548,-0.9191951838952687,-0.31717104994778084,-0.6916832696685871,1.1571443517761548,0
-0.2723633831104175,0.10778861504141941,1.4290451248612195,0.07649545922339826,1.6771606342570373,-0.6361197042629004,0.6614378277661477,-0.5429499644318405,-0.5594989053861664,1.7048941488202425,0.7578782579046334,0.9546503761693188,1.1571443517761548,-0.9191951838952687,-0.31717104994778084,-0.453597575448391,1.1571443517761548,0
-0.22796129347109578,-0.19313853194858405,-0.3551975329605137,-0.2939036064898985,1.3379846303079128,-0.6547178097520028,-1.5118578920369088,-0.5429499644318405,-0.5594989053861664,-1.097115289891867,0.7578782579046334,0.9546503761693188,1.1571443517761548,1.0879082239773117,-0.31717104994778084,-0.1561948867752118,1.1571443517761548,0
0.0011534890678040843,2.6013803830540385,2.190938647232573,2.1136903206465303,-1.2300622567354582,1.972264590583709,0.6614378277661477,-0.5429499644318405,-0.5594989053861664,-1.097115289891867,0.7578782579046334,0.9546503761693188,1.1571443517761548,-0.9191951838952687,-0.31717104994778084,-0.005522530107315342,1.1571443517761548,0
-1.1009063757801605,0.9558560292859746,-0.5182865617109313,0.07649545922339826,-0.6209298414798878,0.9154936679707844,-1.5118578920369088,-0.5429499644318405,-0.5594989053861664,-1.3306160764512096,0.7578782579046334,0.9546503761693188,1.1571443517761548,-0.9191951838952687,-0.31717104994778084,0.9400797469420331,1.1571443517761548,0
-0.5831780105856695,-0.35728061212494955,0.009927158271764557,2.1136903206465303,-1.2300622567354582,0.6737182966124533,-1.5118578920369088,-0.5429499644318405,-0.5594989053861664,1.004391789142215,-0.836438809028894,0.9546503761693188,1.1571443517761548,-0.9191951838952687,-0.31717104994778084,-0.3988881147772197,1.1571443517761548,0
-0.05745726925610027,1.6124243499914368,0.09025459034286579,-0.2939036064898985,0.29276878140346796,-0.6042372377101535,-1.5118578920369088,-0.5429499644318405,-0.5594989053861664,-1.097115289891867,0.7578782579046334,0.9546503761693188,1.1571443517761548,-0.9191951838952687,-0.31717104994778084,0.5654462519532265,1.1571443517761548,0
-0.9161936828805823,0.03447181922930948,0.21196282075362521,-0.2939036064898985,-0.6763055155940305,0.14234385406667086,0.6614378277661477,1.783978454561761,1.7944903916653874,1.4713933622609,0.7578782579046334,0.9546503761693188,1.1571443517761548,1.0879082239773117,-0.31717104994778084,-0.26263786177780063,1.1571443517761548,0
-1.5600239826507472,-0.13842450522312888,-0.031453640067893626,0.07649545922339826,-0.3994271450233167,1.972264590583709,0.6614378277661477,1.783978454561761,1.7944903916653874,1.4713933622609,0.7578782579046334,0.9546503761693188,1.1571443517761548,1.0879082239773117,-0.31717104994778084,-0.268964714158206,1.1571443517761548,0
1.3039107990855032,-0.13842450522312888,-0.8834112529432095,-0.6643026722031953,-0.5378663303086736,1.8958795144677527,-1.5118578920369088,-0.5429499644318405,-0.5594989053861664,0.3038894294641877,-0.4378595422955121,0.9546503761693188,-0.8641964146176347,-0.9191951838952687,-0.31717104994778084,0.5654462519532265,-0.8641964146176347,0
1.1556078196901687,-1.0138489328304117,0.3336710511643846,-0.6643026722031953,-1.2300622567354582,-0.6547178097520028,-1.5118578920369088,-0.5429499644318405,-0.5594989053861664,-1.097115289891867,0.7578782579046334,0.9546503761693188,-0.8641964146176347,-0.9191951838952687,-0.31717104994778084,-0.745770980507596,-0.8641964146176347,0
-0.9827968173395649,1.1659578919117226,-0.8834112529432095,-0.6643026722031953,-1.2300622567354582,-0.6547178097520028,0.6614378277661477,-0.5429499644318405,-0.5594989053861664,-0.3966129302138397,-1.6335973424956576,0.9546503761693188,-0.8641964146176347,-0.9191951838952687,-0.31717104994778084,2.5191599283198522,-0.8641964146176347,0
-0.7678907034852477,-0.4579544212997871,0.3750518495040428,-0.6643026722031953,-1.2300622567354582,-0.6547178097520028,0.6614378277661477,1.783978454561761,1.7944903916653874,-1.097115289891867,-0.836438809028894,0.9546503761693188,-0.8641964146176347,-0.9191951838952687,-0.31717104994778084,-0.5135191136700444,-0.8641964146176347,0
-0.25371450546190233,1.2841401896387057,2.190938647232573,-0.6643026722031953,-1.2300622567354582,-0.6547178097520028,0.6614378277661477,-0.5429499644318405,-0.5594989053861664,1.7048941488202425,0.7578782579046334,0.9546503761693188,-0.8641964146176347,-0.9191951838952687,-0.31717104994778084,-0.2752384808206979,-0.8641964146176347,0
2.5705914112712525,0.08043160167869182,1.0639204336289412,0.8172935906499917,-1.2300622567354582,-0.3916874606918405,-1.5118578920369088,-0.5429499644318405,-0.5594989053861664,-1.3306160764512096,0.7578782579046334,0.9546503761693188,1.1571443517761548,-0.9191951838952687,-0.31717104994778084,-0.4179666723923904,1.1571443517761548,0
-1.3531102449315082,-0.8497068526540461,-0.031453640067893626,1.1876926563632886,1.2064674042868238,1.1785240170309466,0.6614378277661477,-0.5429499644318405,-0.5594989053861664,-1.097115289891867,0.7578782579046334,0.9546503761693188,1.1571443517761548,1.0879082239773117,-0.31717104994778084,-0.6563698055670855,1.1571443517761548,0
-0.2794677174527088,-0.9317778927422289,-0.5986139937820325,0.8172935906499917,-0.6763055155940305,-0.6547178097520028,-1.5118578920369088,-0.5429499644318405,-0.5594989053861664,1.004391789142215,0.7578782579046334,0.9546503761693188,1.1571443517761548,-0.9191951838952687,-0.31717104994778084,-0.6682147561901184,1.1571443517761548,0
0.6973782546123688,-0.6396049900282983,-0.8225571377378299,1.1876926563632886,2.0924781901131078,-0.6547178097520028,0.6614378277661477,-0.5429499644318405,-0.5594989053861664,1.7048941488202425,0.7578782579046334,0.9546503761693188,1.1571443517761548,1.0879082239773117,-0.31717104994778084,-0.24750843217248344,1.1571443517761548,0
-0.9677001068621953,0.6275718689332436,-0.15316187047865304,-0.2939036064898985,-0.12254877445260284,-0.033009711973437356,0.6614378277661477,-0.5429499644318405,-0.5594989053861664,0.5373902160235301,0.7578782579046334,0.9546503761693188,1.1571443517761548,-0.9191951838952687,-0.31717104994778084,0.2376419438380209,1.1571443517761548,0
-0.11695606937279152,0.14389987268021984,0.21196282075362521,1.1876926563632886,-0.5447882895729415,0.6737182966124533,-1.5118578920369088,-0.5429499644318405,-0.5594989053861664,-0.3966129302138397,-1.6335973424956576,0.9546503761693188,1.1571443517761548,1.0879082239773117,-0.31717104994778084,-0.21220642976007664,1.1571443517761548,0
-0.753682034800665,-0.35728061212494955,-0.2553967840236909,-0.2939036064898985,0.5696471519741818,1.470779960431127,0.6614378277661477,-0.5429499644318405,-0.5594989053861664,0.7708910025828726,0.7578782579046334,0.9546503761693188,1.1571443517761548,-0.9191951838952687,-0.31717104994778084,-0.316333022278069,1.1571443517761548,0
-0.7829874139626172,0.8464279758350642,-0.031453640067893626,2.1136903206465303,-0.6763055155940305,1.972264590583709,-1.5118578920369088,-0.5429499644318405,-0.5594989053861664,1.004391789142215,0.7578782579046334,0.9546503761693188,1.1571443517761548,-0.9191951838952687,-0.31717104994778084,0.26744233548485774,1.1571443517761548,1
-0.24305800394846533,-0.6494535148388801,0.2922902528247264,-0.6643026722031953,1.815599819542394,-0.6547178097520028,-1.5118578920369088,-0.5429499644318405,-0.5594989053861664,1.004391789142215,0.7578782579046334,0.9546503761693188,-0.8641964146176347,1.0879082239773117,-0.31717104994778084,-0.5859483822610901,-0.8641964146176347,1
1.2302033302842295,-0.6855647724776807,0.3336710511643846,-0.6643026722031953,-0.26098795973795974,-0.6547178097520028,0.6614378277661477,-0.5429499644318405,-0.5594989053861664,-1.097115289891867,0.7578782579046334,0.9546503761693188,-0.8641964146176347,1.0879082239773117,-0.31717104994778084,-0.6052834198867936,-0.8641964146176347,1
0.9113963266738991,-0.6308507457522254,-0.7811763393981717,-0.6643026722031953,-0.12254877445260284,-0.6547178097520028,0.6614378277661477,-0.5429499644318405,-0.5594989053861664,0.5373902160235301,0.7578782579046334,0.9546503761693188,-0.8641964146176347,-0.9191951838952687,-0.31717104994778084,-0.27167384067155476,-0.8641964146176347,1
2.287861105492872,-0.9405321370183017,-0.3965783313001719,-0.6643026722031953,0.514271477860039,1.972264590583709,-1.5118578920369088,-0.5429499644318405,-0.5594989053861664,0.0703886429048452,-2.0321766092290394,0.9546503761693188,-0.8641964146176347,1.0879082239773117,-0.31717104994778084,-0.6908637588982991,-0.8641964146176347,1
2.1697515470522766,0.5356523040344789,2.190938647232573,0.446894524936695,-0.5378663303086736,-0.5218741991155572,-1.5118578920369088,-0.5429499644318405,-0.5594989053861664,0.5373902160235301,-0.836438809028894,0.9546503761693188,1.1571443517761548,1.0879082239773117,-0.31717104994778084,-0.42849763786157324,1.1571443517761548,1
1.059699306069234,2.6013803830540385,-0.7811763393981717,-0.2939036064898985,2.6462349312545355,-0.4155993106064007,0.6614378277661477,-0.5429499644318405,-0.5594989053861664,1.004391789142215,-0.836438809028894,0.9546503761693188,1.1571443517761548,-0.9191951838952687,-0.31717104994778084,3.7293673787304633,1.1571443517761548,1
-0.5316715866040564,-0.5575339499401155,0.45537928157514407,-0.6643026722031953,1.2618430784009664,-0.6520609375392739,-1.5118578920369088,-0.5429499644318405,-0.5594989053861664,-1.097115289891867,-0.836438809028894,0.9546503761693188,-0.8641964146176347,1.0879082239773117,-0.31717104994778084,-0.5635117851955417,-0.8641964146176347,1
-0.598274721063039,-0.8672153412061918,-0.031453640067893626,-0.6643026722031953,1.5387214489716803,-0.6547178097520028,-1.5118578920369088,-0.5429499644318405,-0.5594989053861664,-1.3306160764512096,-0.836438809028894,0.9546503761693188,-0.8641964146176347,-0.9191951838952687,-0.31717104994778084,-0.6659059308940731,-0.8641964146176347,1
1.0525949717269425,-0.5214226923013151,-0.5182865617109313,-0.6643026722031953,2.6462349312545355,-0.6547178097520028,0.6614378277661477,-0.5429499644318405,-0.5594989053861664,0.0703886429048452,-2.0321766092290394,0.9546503761693188,-0.8641964146176347,-0.9191951838952687,-0.31717104994778084,-0.32430829864518873,-0.8641964146176347,1
0.8527855683499949,-0.8311040835673914,-0.8834112529432095,-0.6643026722031953,-0.33020755238063826,-0.6520609375392739,0.6614378277661477,-0.5429499644318405,-0.5594989053861664,-0.16311214365449725,-1.2350180757622757,0.9546503761693188,-0.8641964146176347,-0.9191951838952687,-0.31717104994778084,-0.4720543832313993,-0.8641964146176347,1
0.045555578707125795,-0.46670866557585994,2.190938647232573,-0.6643026722031953,2.390122438476625,-0.6547178097520028,0.6614378277661477,-0.5429499644318405,-0.5594989053861664,-1.3306160764512096,0.7578782579046334,0.9546503761693188,-0.8641964146176347,1.0879082239773117,-0.31717104994778084,-0.6337394329630964,-0.8641964146176347,1
0.23115631339949086,-0.6669620033910258,-0.8834112529432095,-0.6643026722031953,0.9849647078302526,-0.6547178097520028,-1.5118578920369088,1.783978454561761,1.7944903916653874,-0.16311214365449725,-1.2350180757622757,0.9546503761693188,-0.8641964146176347,-0.9191951838952687,-0.31717104994778084,-0.2262011521449951,-0.8641964146176347,1
-0.5680813001082999,-0.7402787992031358,-0.8834112529432095,-0.6643026722031953,-0.6763055155940305,-0.6547178097520028,-1.5118578920369088,-0.5429499644318405,-0.5594989053861664,-0.16311214365449725,-1.2350180757622757,0.9546503761693188,-0.8641964146176347,-0.9191951838952687,-0.31717104994778084,-0.33601559536358894,-0.8641964146176347,1
0.34926587184008645,-0.32116935448614914,0.9422122032181817,-0.6643026722031953,2.6462349312545355,-0.6547178097520028,0.6614378277661477,-0.5429499644318405,-0.5594989053861664,1.7048941488202425,-0.836438809028894,0.9546503761693188,-0.8641964146176347,1.0879082239773117,-0.31717104994778084,-0.5273497941529379,-0.8641964146176347,1
0.260461692561443,-0.6308507457522254,-0.7617030225324501,-0.6643026722031953,-0.1017828966597993,-0.6547178097520028,0.6614378277661477,-0.5429499644318405,-0.5594989053861664,1.4713933622609,-2.0321766092290394,0.9546503761693188,-0.8641964146176347,1.0879082239773117,-0.31717104994778084,-0.28684494914630815,-0.8641964146176347,1
2.5705914112712525,0.18985965512960218,-0.6205214752559692,-0.6643026722031953,-1.2300622567354582,0.24861874257582733,0.6614378277661477,-0.5429499644318405,-0.5594989053861664,-1.097115289891867,0.7578782579046334,0.9546503761693188,-0.8641964146176347,-0.9191951838952687,-0.31717104994778084,0.42495869133242403,-0.8641964146176347,1
-1.0565042861408387,-0.6855647724776807,0.09025459034286579,-0.6643026722031953,-0.5378663303086736,-0.6015803654974246,0.6614378277661477,1.783978454561761,1.7944903916653874,-0.8636145033325247,0.7578782579046334,0.9546503761693188,-0.8641964146176347,1.0879082239773117,-0.31717104994778084,-0.5818688264499932,-0.8641964146176347,1
1.015297216429912,-0.35728061212494955,-0.3965783313001719,-0.6643026722031953,-1.2300622567354582,-0.12334336720622037,0.6614378277661477,-0.5429499644318405,-0.5594989053861664,0.0703886429048452,-2.0321766092290394,0.9546503761693188,-0.8641964146176347,-0.9191951838952687,-0.31717104994778084,-0.25406451833478755,-0.8641964146176347,1
-1.034303241321178,1.1747121361877952,-0.4769057633712731,-0.6643026722031953,-0.26098795973795974,-0.6547178097520028,0.6614378277661477,1.783978454561761,1.7944903916653874,0.5373902160235301,-0.836438809028894,0.9546503761693188,-0.8641964146176347,1.0879082239773117,-0.31717104994778084,1.04062851875783,-0.8641964146176347,1
0.44517438546102117,-0.18438428767251122,-0.3162508992290706,-0.6643026722031953,0.15432959611811103,-0.6547178097520028,0.6614378277661477,-0.5429499644318405,-0.5594989053861664,1.4713933622609,0.7578782579046334,0.9546503761693188,-0.8641964146176347,1.0879082239773117,-0.31717104994778084,-0.1719241778486448,-0.8641964146176347,1
-0.10985173503050019,-0.7862385816525181,-0.6399947921216907,2.1136903206465303,-0.31636363385210253,-0.5803253877955933,0.6614378277661477,1.783978454561761,1.7944903916653874,0.0703886429048452,-2.0321766092290394,0.9546503761693188,1.1571443517761548,1.0879082239773117,-0.31717104994778084,-0.5184933268810534,1.1571443517761548,1
1.1485034853478773,1.393568243089616,-0.15316187047865304,-0.6643026722031953,-1.2300622567354582,-0.6547178097520028,0.6614378277661477,1.783978454561761,1.7944903916653874,-0.6301137167731822,0.7578782579046334,0.9546503761693188,-0.8641964146176347,-0.9191951838952687,3.2705014822484286,0.6965679751993089,-0.8641964146176347,1
-0.6870789003416824,-0.9131751236555742,0.3945251663697643,1.5580917220765853,0.2097052702322538,0.26721684806492974,0.6614378277661477,1.783978454561761,1.7944903916653874,1.4713933622609,0.7578782579046334,0.9546503761693188,1.1571443517761548,1.0879082239773117,-0.31717104994778084,-0.7041737441674596,1.1571443517761548,1
-0.6568854793869434,-0.6855647724776807,0.02940047513748608,1.5580917220765853,0.15432959611811103,0.21407940381035148,0.6614378277661477,-0.5429499644318405,-0.5594989053861664,-0.6301137167731822,-0.836438809028894,0.9546503761693188,1.1571443517761548,-0.9191951838952687,-0.31717104994778084,-0.5747426458387931,1.1571443517761548,0
0.16455317894050828,-0.794992825928591,-0.5182865617109313,1.928490787789882,1.1234038931156096,1.972264590583709,0.6614378277661477,-0.5429499644318405,-0.5594989053861664,1.7048941488202425,0.7578782579046334,0.9546503761693188,1.1571443517761548,1.0879082239773117,-0.31717104994778084,-0.5584542330131927,1.1571443517761548,0
1.5108245368047424,1.6124243499914368,2.190938647232573,-0.6643026722031953,-0.4686467376659952,-0.6547178097520028,0.6614378277661477,-0.5429499644318405,-0.5594989053861664,0.7708910025828726,0.7578782579046334,0.9546503761693188,-0.8641964146176347,-0.9191951838952687,3.2705014822484286,-0.2080195522939982,-0.8641964146176347,0
2.5705914112712525,2.6013803830540385,2.190938647232573,-0.2939036064898985,-1.2300622567354582,-0.3651187385645514,0.6614378277661477,-0.5429499644318405,-0.5594989053861664,-0.3966129302138397,1.1564575246380153,0.9546503761693188,1.1571443517761548,1.0879082239773117,-0.31717104994778084,-0.005522530107315342,1.1571443517761548,0
1.7772370746406725,1.1747121361877952,-0.8834112529432095,2.1136903206465303,-1.2300622567354582,1.972264590583709,0.6614378277661477,-0.5429499644318405,-0.5594989053861664,0.0703886429048452,-2.0321766092290394,0.9546503761693188,1.1571443517761548,-0.9191951838952687,-0.31717104994778084,2.53227210064446,1.1571443517761548,0
0.30486378220076477,2.268992670696899,1.733315700888118,2.1136903206465303,-1.2300622567354582,-0.29869693324632857,0.6614378277661477,-0.5429499644318405,-0.5594989053861664,1.2378925757015575,-0.039280275562130276,0.9546503761693188,1.1571443517761548,1.0879082239773117,-0.31717104994778084,0.025533273881123163,1.1571443517761548,0
0.6449837888379689,-0.2839638163128396,1.0639204336289412,2.1136903206465303,1.421048141479127,1.972264590583709,0.6614378277661477,-0.5429499644318405,-0.5594989053861664,1.4713933622609,0.7578782579046334,0.9546503761693188,1.1571443517761548,-0.9191951838952687,-0.31717104994778084,-0.5271255069947538,1.1571443517761548,0
-0.7900917483049085,1.4482822698150712,-0.5182865617109313,0.8172935906499917,-1.2300622567354582,0.198138170533978,-1.5118578920369088,1.783978454561761,1.7944903916653874,1.7048941488202425,-0.836438809028894,0.9546503761693188,1.1571443517761548,-0.9191951838952687,-0.31717104994778084,1.3615424288044402,1.1571443517761548,0
0.9415897476286382,-0.921929367931647,-0.7811763393981717,1.5580917220765853,0.29276878140346796,1.8639970479150059,0.6614378277661477,-0.5429499644318405,-0.5594989053861664,-1.097115289891867,-0.836438809028894,0.9546503761693188,1.1571443517761548,-0.9191951838952687,-0.31717104994778084,-0.6319876669469461,1.1571443517761548,0
-0.1542538246698219,-0.028996451772218528,2.190938647232573,0.07649545922339826,1.054184300472931,-0.6547178097520028,0.6614378277661477,-0.5429499644318405,-0.5594989053861664,1.4713933622609,0.7578782579046334,0.9546503761693188,1.1571443517761548,1.0879082239773117,-0.31717104994778084,-0.5441141949274968,1.1571443517761548,0
0.07574899966186487,-0.6943190167537534,-0.3551975329605137,2.1136903206465303,-0.3994271450233167,1.972264590583709,-1.5118578920369088,-0.5429499644318405,-0.5594989053861664,1.4713933622609,0.7578782579046334,0.9546503761693188,1.1571443517761548,-0.9191951838952687,-0.31717104994778084,-0.5162293546811211,1.1571443517761548,0
1.7852294507757507,-1.0050946885543388,-0.863937936077488,-0.6643026722031953,-1.2300622567354582,1.972264590583709,0.6614378277661477,-0.5429499644318405,-0.5594989053861664,1.7048941488202425,-0.836438809028894,0.9546503761693188,-0.8641964146176347,-0.9191951838952687,-0.31717104994778084,-0.7331631225031651,-0.8641964146176347,0
-0.753682034800665,-0.5126684480252423,0.23143613761934673,1.928490787789882,-0.26098795973795974,1.972264590583709,-1.5118578920369088,-0.5429499644318405,-0.5594989053861664,1.004391789142215,-0.836438809028894,0.9546503761693188,1.1571443517761548,1.0879082239773117,-0.31717104994778084,-0.5176032402085623,1.1571443517761548,0
-0.5609769657660086,1.6846468652690376,0.8205039728074223,1.5580917220765853,1.5387214489716803,0.562129663677839,-1.5118578920369088,-0.5429499644318405,-0.5594989053861664,-0.8636145033325247,-0.836438809028894,0.9546503761693188,1.1571443517761548,-0.9191951838952687,-0.31717104994778084,0.1524128237280675,1.1571443517761548,0
-0.40556965202838263,-0.7676358125658633,-0.27487010088941244,-0.6643026722031953,-1.2300622567354582,1.972264590583709,0.6614378277661477,-0.5429499644318405,-0.5594989053861664,1.7048941488202425,-0.836438809028894,0.9546503761693188,-0.8641964146176347,-0.9191951838952687,-0.31717104994778084,-0.5818688264499932,-0.8641964146176347,0
-0.7092799451613433,-0.6855647724776807,-0.19454266881831123,-0.6643026722031953,1.691004552785573,-0.12334336720622037,0.6614378277661477,-0.5429499644318405,-0.5594989053861664,-1.097115289891867,-0.836438809028894,0.9546503761693188,-0.8641964146176347,-0.9191951838952687,-0.31717104994778084,-0.5421658201875925,-0.8641964146176347,0
-0.6124833897476216,1.6857411458035467,-0.11178107213899487,-0.6643026722031953,-0.3994271450233167,-0.6547178097520028,0.6614378277661477,-0.5429499644318405,-0.5594989053861664,1.004391789142215,-0.836438809028894,0.9546503761693188,-0.8641964146176347,1.0879082239773117,-0.31717104994778084,0.8184325555082885,-0.8641964146176347,0
0.9637907924482991,0.08918584595476466,2.190938647232573,-0.6643026722031953,-0.5932420044228164,-0.6547178097520028,0.6614378277661477,-0.5429499644318405,-0.5594989053861664,1.004391789142215,-0.836438809028894,0.9546503761693188,-0.8641964146176347,1.0879082239773117,-0.31717104994778084,-0.5199153806578849,-0.8641964146176347,0
-0.9312903933579518,-0.35728061212494955,-0.863937936077488,-0.6643026722031953,-0.5378663303086736,-0.6547178097520028,-1.5118578920369088,-0.5429499644318405,-0.5594989053861664,-1.3306160764512096,0.7578782579046334,0.9546503761693188,-0.8641964146176347,-0.9191951838952687,-0.31717104994778084,0.19981836982472795,-0.8641964146176347,0
-0.7314809899810042,1.5029962965405264,0.1511087055482455,2.1136903206465303,0.7773059299022173,0.09983389866300825,0.6614378277661477,-0.5429499644318405,-0.5594989053861664,1.4713933622609,-0.836438809028894,0.9546503761693188,1.1571443517761548,1.0879082239773117,-0.31717104994778084,0.4605488733563608,1.1571443517761548,0
-0.5458802552886391,-0.38463762548767716,-0.4574324465055516,-0.6643026722031953,1.2618430784009664,-0.6547178097520028,-1.5118578920369088,-0.5429499644318405,-0.5594989053861664,1.7048941488202425,-0.836438809028894,0.9546503761693188,-0.8641964146176347,-0.9191951838952687,-0.31717104994778084,-0.24313770806428067,-0.8641964146176347,0
1.0446025955918643,-0.9317778927422289,-0.7008489073270704,2.1136903206465303,0.8465255225448957,-0.22430451128991905,0.6614378277661477,1.783978454561761,1.7944903916653874,-1.097115289891867,0.7578782579046334,0.9546503761693188,1.1571443517761548,1.0879082239773117,-0.31717104994778084,-0.6563698055670855,1.1571443517761548,0
0.3936679614794082,-0.8135955950152457,-0.5182865617109313,0.8172935906499917,-1.2300622567354582,1.972264590583709,-1.5118578920369088,-0.5429499644318405,-0.5594989053861664,-1.3306160764512096,0.7578782579046334,0.9546503761693188,1.1571443517761548,-0.9191951838952687,-0.31717104994778084,-0.574376156550217,1.1571443517761548,0
2.5027672193471893,-0.41199463885040477,-0.031453640067893626,1.1876926563632886,-0.8147447008793874,-0.500619221413726,0.6614378277661477,-0.5429499644318405,-0.5594989053861664,1.4713933622609,0.7578782579046334,0.9546503761693188,1.1571443517761548,1.0879082239773117,-0.31717104994778084,-0.4179666723923904,1.1571443517761548,0
-0.9161936828805823,-0.35728061212494955,-0.3551975329605137,2.1136903206465303,-0.12254877445260284,-0.6520609375392739,0.6614378277661477,1.783978454561761,1.7944903916653874,-0.6301137167731822,0.7578782579046334,0.9546503761693188,1.1571443517761548,1.0879082239773117,-0.31717104994778084,-0.27411010552168863,1.1571443517761548,0
-0.8344938379442303,-0.8956666351034285,-0.863937936077488,-0.2939036064898985,2.6462349312545355,-0.497962349200997,0.6614378277661477,1.783978454561761,1.7944903916653874,1.7048941488202425,0.7578782579046334,0.9546503761693188,1.1571443517761548,1.0879082239773117,-0.31717104994778084,-0.5755648974477777,1.1571443517761548,0
2.5705914112712525,2.050136563795078,-0.8834112529432095,2.1136903206465303,-1.2300622567354582,1.972264590583709,-1.5118578920369088,-0.5429499644318405,-0.5594989053861664,-0.16311214365449725,-1.2350180757622757,0.9546503761693188,1.1571443517761548,1.0879082239773117,-0.31717104994778084,3.8434893331052824,1.1571443517761548,0
-0.9756924829972735,1.1747121361877952,-0.3965783313001719,0.8172935906499917,-0.883964293522066,1.972264590583709,-1.5118578920369088,-0.5429499644318405,-0.5594989053861664,-1.097115289891867,-0.836438809028894,0.9546503761693188,1.1571443517761548,-0.9191951838952687,-0.31717104994778084,0.8932505600684322,1.1571443517761548,0
0.08285333400415619,-0.9777376751916113,0.6987957423966629,-0.2939036064898985,1.7602241454282515,1.972264590583709,0.6614378277661477,1.783978454561761,1.7944903916653874,-1.097115289891867,-0.836438809028894,0.9546503761693188,1.1571443517761548,1.0879082239773117,-0.31717104994778084,-0.7330444603101821,1.1571443517761548,0
-0.10185935889542198,-0.9044208793795013,-0.031453640067893626,2.1136903206465303,-1.0085595602788873,0.7799931851216098,0.6614378277661477,-0.5429499644318405,-0.5594989053861664,-1.097115289891867,0.7578782579046334,0.9546503761693188,1.1571443517761548,-0.9191951838952687,-0.31717104994778084,-0.6861701972139224,1.1571443517761548,0
-0.5458802552886391,0.2992877085805125,-0.3965783313001719,0.446894524936695,-1.2300622567354582,-0.6547178097520028,0.6614378277661477,-0.5429499644318405,-0.5594989053861664,-1.097115289891867,0.7578782579046334,0.9546503761693188,1.1571443517761548,-0.9191951838952687,-0.31717104994778084,0.2376419438380209,1.1571443517761548,0
0.6973782546123688,-0.658207759114953,-0.15316187047865304,2.1136903206465303,0.057422166418361176,1.972264590583709,0.6614378277661477,-0.5429499644318405,-0.5594989053861664,-1.097115289891867,0.7578782579046334,0.9546503761693188,1.1571443517761548,-0.9191951838952687,-0.31717104994778084,-0.5326981802327124,1.1571443517761548,0
0.6893858784772906,0.2992877085805125,-0.2553967840236909,1.1876926563632886,-0.48249065619453085,1.972264590583709,0.6614378277661477,-0.5429499644318405,-0.5594989053861664,0.7708910025828726,0.7578782579046334,0.9546503761693188,1.1571443517761548,1.0879082239773117,-0.31717104994778084,0.11310493595145803,1.1571443517761548,0
0.031346910022543154,-0.8321983641019005,-0.23348930254975428,2.1136903206465303,0.8672914003376992,1.972264590583709,0.6614378277661477,-0.5429499644318405,-0.5594989053861664,1.7048941488202425,0.7578782579046334,0.9546503761693188,1.1571443517761548,1.0879082239773117,-0.31717104994778084,-0.6292495347964094,1.1571443517761548,0
0.8598899026922862,-1.0050946885543388,-0.863937936077488,-0.2939036064898985,2.6462349312545355,-0.6547178097520028,0.6614378277661477,-0.5429499644318405,-0.5594989053861664,-0.3966129302138397,0.7578782579046334,-1.0475039081979456,1.1571443517761548,-0.9191951838952687,3.2705014822484286,-0.7331631225031651,1.1571443517761548,0
1.5259212472821118,-0.0837104784976737,-0.8225571377378299,-0.6643026722031953,0.32737857772480716,-0.6547178097520028,0.6614378277661477,-0.5429499644318405,-0.5594989053861664,0.7708910025828726,0.7578782579046334,0.9546503761693188,-0.8641964146176347,1.0879082239773117,-0.31717104994778084,0.4926008501498475,-0.8641964146176347,0
0.12015108930118658,0.9558560292859746,1.6724615856827383,-0.6643026722031953,-0.1640805300382099,-0.6547178097520028,0.6614378277661477,1.783978454561761,1.7944903916653874,1.4713933622609,-0.836438809028894,0.9546503761693188,-0.8641964146176347,1.0879082239773117,-0.31717104994778084,-0.2737327768216999,-0.8641964146176347,0
-0.287460093587787,2.268992670696899,-0.8834112529432095,-0.6643026722031953,-1.2300622567354582,1.972264590583709,-1.5118578920369088,1.783978454561761,1.7944903916653874,-0.3966129302138397,1.1564575246380153,0.9546503761693188,-0.8641964146176347,-0.9191951838952687,-0.31717104994778084,4.171293641220489,-0.8641964146176347,0
2.5705914112712525,2.6013803830540385,-0.8834112529432095,-0.6643026722031953,-1.2300622567354582,-0.6547178097520028,0.6614378277661477,-0.5429499644318405,-0.5594989053861664,-0.16311214365449725,-1.2350180757622757,0.9546503761693188,-0.8641964146176347,1.0879082239773117,-0.31717104994778084,4.669146434170456,-0.8641964146176347,0
2.5705914112712525,2.6013803830540385,2.190938647232573,2.1136903206465303,-1.2300622567354582,1.972264590583709,0.6614378277661477,-0.5429499644318405,-0.5594989053861664,1.7048941488202425,-0.836438809028894,0.9546503761693188,1.1571443517761548,1.0879082239773117,-0.31717104994778084,-0.005522530107315342,1.1571443517761548,0
1.7994381194603335,2.268992670696899,2.190938647232573,2.1136903206465303,-1.2300622567354582,-0.6547178097520028,0.6614378277661477,-0.5429499644318405,-0.5594989053861664,-1.097115289891867,0.7578782579046334,0.9546503761693188,1.1571443517761548,-0.9191951838952687,-0.31717104994778084,-0.07358169524059875,1.1571443517761548,0
-0.412673986370674,-0.6308507457522254,-0.3965783313001719,1.1876926563632886,-0.12254877445260284,1.972264590583709,0.6614378277661477,1.783978454561761,1.7944903916653874,-1.097115289891867,0.7578782579046334,0.9546503761693188,1.1571443517761548,1.0879082239773117,-0.31717104994778084,-0.45894221090679105,1.1571443517761548,0
-0.5316715866040564,-0.8869123908273556,-0.7422297056667286,1.928490787789882,-0.565554167365745,1.972264590583709,0.6614378277661477,-0.5429499644318405,-0.5594989053861664,-1.097115289891867,0.7578782579046334,0.9546503761693188,1.1571443517761548,1.0879082239773117,-0.31717104994778084,-0.5983860977891314,1.1571443517761548,0
-0.10185935889542198,0.40871576203142285,0.6379416271912832,2.1136903206465303,1.054184300472931,1.972264590583709,0.6614378277661477,-0.5429499644318405,-0.5594989053861664,-0.8636145033325247,0.7578782579046334,0.9546503761693188,1.1571443517761548,-0.9191951838952687,-0.31717104994778084,-0.22923085862909018,1.1571443517761548,0
-0.3833686072087218,-0.8497068526540461,1.1856286640397005,0.446894524936695,0.9295890337161098,-0.256186977842666,0.6614378277661477,-0.5429499644318405,-0.5594989053861664,-1.097115289891867,-0.836438809028894,0.9546503761693188,1.1571443517761548,1.0879082239773117,-0.31717104994778084,-0.6989417936339952,1.1571443517761548,0
-0.7234886138459259,-1.0138489328304117,-0.8834112529432095,-0.6643026722031953,-0.12254877445260284,-0.6547178097520028,0.6614378277661477,-0.5429499644318405,-0.5594989053861664,-1.097115289891867,0.7578782579046334,-1.0475039081979456,-0.8641964146176347,-0.9191951838952687,1.476665216150324,-0.745770980507596,-0.8641964146176347,0
0.25335735821915173,0.13514562840414698,-0.8420304546035514,-0.6643026722031953,0.7773059299022173,-0.6387765764756294,0.6614378277661477,-0.5429499644318405,-0.5594989053861664,1.4713933622609,0.7578782579046334,-1.0475039081979456,-0.8641964146176347,1.0879082239773117,-0.31717104994778084,0.8403788974692055,-0.8641964146176347,0
0.6529761649730471,-0.9678891503810293,-0.8420304546035514,-0.6643026722031953,0.7080863372595387,-0.6547178097520028,0.6614378277661477,-0.5429499644318405,-0.5594989053861664,0.5373902160235301,0.7578782579046334,0.9546503761693188,-0.8641964146176347,1.0879082239773117,-0.31717104994778084,-0.682324985388524,-0.8641964146176347,0
-0.49437383130702606,-0.8497068526540461,-0.7617030225324501,-0.6643026722031953,1.18570152649402,-0.5936097488592378,0.6614378277661477,-0.5429499644318405,-0.5594989053861664,-1.097115289891867,-2.0321766092290394,0.9546503761693188,-0.8641964146176347,-0.9191951838952687,-0.31717104994778084,-0.5490883956384726,-0.8641964146176347,0
1.3110151334277946,-0.35728061212494955,0.2728169359590049,2.1136903206465303,1.511033611914609,1.972264590583709,-1.5118578920369088,-0.5429499644318405,-0.5594989053861664,-1.097115289891867,0.7578782579046334,0.9546503761693188,1.1571443517761548,1.0879082239773117,-0.31717104994778084,-0.4543893732940799,1.1571443517761548,0
-0.8717915932412607,0.2992877085805125,0.3336710511643846,0.446894524936695,-0.6763055155940305,1.7842908815331384,-1.5118578920369088,-0.5429499644318405,-0.5594989053861664,-1.3306160764512096,0.7578782579046334,0.9546503761693188,1.1571443517761548,-0.9191951838952687,-0.31717104994778084,-0.18382073802438637,1.1571443517761548,0
-0.9978935278169344,-0.9864919194676841,-0.3965783313001719,-0.2939036064898985,0.4312079666888249,1.3857600496238016,0.6614378277661477,-0.5429499644318405,-0.5594989053861664,1.004391789142215,0.7578782579046334,-1.0475039081979456,1.1571443517761548,-0.9191951838952687,-0.31717104994778084,-0.7252832112503956,1.1571443517761548,0
-0.960595772519904,-0.4853114346625147,0.09025459034286579,2.1136903206465303,0.15432959611811103,1.972264590583709,0.6614378277661477,-0.5429499644318405,-0.5594989053861664,-1.097115289891867,0.7578782579046334,0.9546503761693188,1.1571443517761548,1.0879082239773117,-0.31717104994778084,-0.4818885124748554,1.1571443517761548,0
-0.16135815901211323,-0.9131751236555742,-0.6205214752559692,0.8172935906499917,1.4002822636863235,0.6737182966124533,-1.5118578920369088,-0.5429499644318405,-0.5594989053861664,0.5373902160235301,0.7578782579046334,0.9546503761693188,1.1571443517761548,-0.9191951838952687,-0.31717104994778084,-0.6478554079537034,1.1571443517761548,0
0.9708951267905904,-0.6308507457522254,-0.8834112529432095,-0.6643026722031953,-0.1917683670952813,-0.6520609375392739,0.6614378277661477,1.783978454561761,1.7944903916653874,-1.097115289891867,0.7578782579046334,-1.0475039081979456,-0.8641964146176347,1.0879082239773117,-0.31717104994778084,-0.17211344130598613,-0.8641964146176347,1
-0.13205277985016106,-0.7402787992031358,-0.7617030225324501,-0.6643026722031953,0.32045661846053936,-0.6547178097520028,0.6614378277661477,1.783978454561761,1.7944903916653874,0.5373902160235301,0.7578782579046334,-1.0475039081979456,-0.8641964146176347,-0.9191951838952687,-0.31717104994778084,-0.4179666723923904,-0.8641964146176347,1
-0.9978935278169344,-0.9591349061049564,-0.8225571377378299,-0.6643026722031953,0.15432959611811103,-0.6547178097520028,0.6614378277661477,-0.5429499644318405,-0.5594989053861664,1.004391789142215,0.7578782579046334,-1.0475039081979456,-0.8641964146176347,-0.9191951838952687,-0.31717104994778084,-0.672925578704217,-0.8641964146176347,1
-0.7012875690262651,-0.8858181102928465,-0.8420304546035514,-0.6643026722031953,0.015890410832754092,-0.6547178097520028,0.6614378277661477,-0.5429499644318405,-0.5594989053861664,-1.097115289891867,-0.836438809028894,0.9546503761693188,-0.8641964146176347,-0.9191951838952687,-0.31717104994778084,-0.5690285655330382,-0.8641964146176347,1
-0.1542538246698219,-0.6308507457522254,-0.27487010088941244,-0.6643026722031953,0.7080863372595387,-0.6547178097520028,-1.5118578920369088,1.783978454561761,1.7944903916653874,0.5373902160235301,0.7578782579046334,-1.0475039081979456,-0.8641964146176347,1.0879082239773117,-0.31717104994778084,-0.49081207419576944,-0.8641964146176347,1
-1.3451178687964298,-1.0050946885543388,-0.863937936077488,-0.6643026722031953,-1.2300622567354582,-0.6547178097520028,0.6614378277661477,-0.5429499644318405,-0.5594989053861664,-1.097115289891867,0.7578782579046334,-1.0475039081979456,-0.8641964146176347,-0.9191951838952687,-0.31717104994778084,-0.7331631225031651,-0.8641964146176347,0
0.0899576683464475,-0.24785255867403921,-0.6399947921216907,-0.6643026722031953,0.3758322925746821,-0.6547178097520028,0.6614378277661477,-0.5429499644318405,-0.5594989053861664,0.5373902160235301,0.7578782579046334,-1.0475039081979456,-0.8641964146176347,1.0879082239773117,-0.31717104994778084,0.01910573842788386,-0.8641964146176347,1
-0.25371450546190233,-1.0050946885543388,1.1856286640397005,-0.6643026722031953,1.954039004827751,-0.6547178097520028,0.6614378277661477,1.783978454561761,1.7944903916653874,-0.6301137167731822,0.7578782579046334,-1.0475039081979456,-0.8641964146176347,1.0879082239773117,-0.31717104994778084,-0.7432734238743374,-0.8641964146176347,1
1.4664224471654206,-0.10231324758432846,-0.8420304546035514,-0.6643026722031953,2.369356560683822,-0.6547178097520028,0.6614378277661477,-0.5429499644318405,-0.5594989053861664,1.7048941488202425,-2.0321766092290394,-1.0475039081979456,-0.8641964146176347,1.0879082239773117,-0.31717104994778084,0.5125745893539999,-0.8641964146176347,1
-1.0049978621592257,-0.7402787992031358,-0.8225571377378299,-0.6643026722031953,-0.26098795973795974,-0.6440903209010872,0.6614378277661477,1.783978454561761,1.7944903916653874,0.5373902160235301,0.7578782579046334,-1.0475039081979456,-0.8641964146176347,-0.9191951838952687,-0.31717104994778084,-0.38154397149070085,-0.8641964146176347,1
-0.33186218322710875,-0.3025665853994944,1.592134153611637,0.07649545922339826,1.324140711779377,-0.6520609375392739,0.6614378277661477,1.783978454561761,1.7944903916653874,1.004391789142215,-0.836438809028894,-1.0475039081979456,1.1571443517761548,1.0879082239773117,-0.31717104994778084,-0.5706906187369438,1.1571443517761548,1
-0.8273895036019389,-0.8409526083779733,-0.7422297056667286,-0.2939036064898985,1.6771606342570373,0.09717702645027934,0.6614378277661477,-0.5429499644318405,-0.5594989053861664,1.4713933622609,0.7578782579046334,-1.0475039081979456,1.1571443517761548,-0.9191951838952687,-0.31717104994778084,-0.5450226057703771,1.1571443517761548,1
-1.0644966622759169,1.374965474002961,-0.5986139937820325,0.07649545922339826,0.15432959611811103,-0.6361197042629004,0.6614378277661477,-0.5429499644318405,-0.5594989053861664,-1.097115289891867,-2.0321766092290394,-1.0475039081979456,1.1571443517761548,1.0879082239773117,-0.31717104994778084,1.511632188626454,1.1571443517761548,1
0.622782744018308,-0.047599220858873276,-0.8225571377378299,-0.6643026722031953,-0.12254877445260284,-0.6547178097520028,-1.5118578920369088,-0.5429499644318405,-0.5594989053861664,-1.097115289891867,0.7578782579046334,-1.0475039081979456,-0.8641964146176347,-0.9191951838952687,-0.31717104994778084,0.5406788153400778,-0.8641964146176347,1
-0.16846249335440455,-0.7402787992031358,-0.7617030225324501,0.07649545922339826,1.5387214489716803,-0.3677756107772803,0.6614378277661477,-0.5429499644318405,-0.5594989053861664,-1.097115289891867,-0.836438809028894,-1.0475039081979456,1.1571443517761548,1.0879082239773117,-0.31717104994778084,-0.4179666723923904,1.1571443517761548,1
-0.7678907034852477,-0.8497068526540461,-0.11178107213899487,-0.2939036064898985,1.5387214489716803,-0.6308059598374426,0.6614378277661477,-0.5429499644318405,-0.5594989053861664,0.0703886429048452,0.7578782579046334,-1.0475039081979456,1.1571443517761548,1.0879082239773117,-0.31717104994778084,-0.6506633475921592,1.1571443517761548,1
0.08285333400415619,2.050136563795078,-0.8834112529432095,0.07649545922339826,-0.12254877445260284,-0.6520609375392739,0.6614378277661477,1.783978454561761,1.7944903916653874,-0.16311214365449725,-1.2350180757622757,-1.0475039081979456,1.1571443517761548,-0.9191951838952687,-0.31717104994778084,3.8434893331052824,1.1571443517761548,1
-0.1542538246698219,0.02571757495323665,0.09025459034286579,-0.2939036064898985,1.954039004827751,-0.4740504992864368,0.6614378277661477,-0.5429499644318405,-0.5594989053861664,0.7708910025828726,0.7578782579046334,-1.0475039081979456,1.1571443517761548,1.0879082239773117,-0.31717104994778084,-0.22674749265852043,1.1571443517761548,1
-1.1453084654194823,1.2655374205520507,-0.8225571377378299,-0.6643026722031953,-0.3994271450233167,0.3416092700213393,0.6614378277661477,1.783978454561761,1.7944903916653874,-1.3306160764512096,0.7578782579046334,0.9546503761693188,-0.8641964146176347,-0.9191951838952687,-0.31717104994778084,2.288968458621174,-0.8641964146176347,1
-0.8122927931245694,-0.5214226923013151,-0.8225571377378299,-0.6643026722031953,-0.12254877445260284,-0.6281490876247137,0.6614378277661477,-0.5429499644318405,-0.5594989053861664,0.0703886429048452,0.7578782579046334,-1.0475039081979456,-0.8641964146176347,-0.9191951838952687,-0.31717104994778084,-0.09016236427718473,-0.8641964146176347,1
-0.7678907034852477,-0.9777376751916113,0.21196282075362521,-0.6643026722031953,-1.2300622567354582,-0.6547178097520028,0.6614378277661477,-0.5429499644318405,-0.5594989053861664,-1.097115289891867,-0.4378595422955121,-1.0475039081979456,-0.8641964146176347,1.0879082239773117,3.2705014822484286,-0.7291286079417472,-0.8641964146176347,0
-0.5094705417843955,-1.0138489328304117,-0.8834112529432095,-0.6643026722031953,-0.12254877445260284,-0.6547178097520028,-1.5118578920369088,-0.5429499644318405,-0.5594989053861664,-1.097115289891867,0.7578782579046334,-1.0475039081979456,-0.8641964146176347,-0.9191951838952687,1.476665216150324,-0.745770980507596,-0.8641964146176347,0
-1.1088987519152387,-1.0138489328304117,-0.5596673600505895,-0.6643026722031953,-0.12254877445260284,-0.6520609375392739,0.6614378277661477,-0.5429499644318405,-0.5594989053861664,1.004391789142215,0.7578782579046334,-1.0475039081979456,-0.8641964146176347,-0.9191951838952687,-0.31717104994778084,-0.745770980507596,-0.8641964146176347,1
-0.8646872588989692,-0.8409526083779733,-0.5596673600505895,-0.6643026722031953,-0.12254877445260284,-0.6547178097520028,0.6614378277661477,1.783978454561761,1.7944903916653874,-0.8636145033325247,0.7578782579046334,-1.0475039081979456,-0.8641964146176347,-0.9191951838952687,-0.31717104994778084,-0.5902362036841651,-0.8641964146176347,1
-0.6719821898643129,1.6124243499914368,0.13163538868252397,-0.6643026722031953,-0.6763055155940305,-0.6547178097520028,0.6614378277661477,-0.5429499644318405,-0.5594989053861664,-1.097115289891867,0.7578782579046334,-1.0475039081979456,-0.8641964146176347,-0.9191951838952687,3.2705014822484286,0.5293187107022801,-0.8641964146176347,1
-0.8273895036019389,0.7008886647453535,-0.8030838208721083,-0.6643026722031953,-0.12254877445260284,-0.6547178097520028,0.6614378277661477,1.783978454561761,1.7944903916653874,0.0703886429048452,-2.0321766092290394,-1.0475039081979456,-0.8641964146176347,1.0879082239773117,-0.31717104994778084,1.4588185079753535,-0.8641964146176347,1
0.42297334064136033,-0.4579544212997871,-0.8834112529432095,-0.6643026722031953,-1.2300622567354582,1.972264590583709,0.6614378277661477,-0.5429499644318405,-0.5594989053861664,-0.16311214365449725,-1.2350180757622757,-1.0475039081979456,-0.8641964146176347,-0.9191951838952687,-0.31717104994778084,0.08685196210502633,-0.8641964146176347,1
-0.18355920383177407,1.8312804568932575,-0.6399947921216907,-0.6643026722031953,0.34814445551761075,-0.6547178097520028,0.6614378277661477,-0.5429499644318405,-0.5594989053861664,-0.6301137167731822,-0.836438809028894,-1.0475039081979456,-0.8641964146176347,-0.9191951838952687,-0.31717104994778084,2.095199689824186,-0.8641964146176347,1
-1.042295617456256,-0.8683096217407009,-0.07283443840755181,-0.6643026722031953,0.29276878140346796,-0.6414334486883583,-1.5118578920369088,-0.5429499644318405,-0.5594989053861664,1.4713933622609,0.7578782579046334,-1.0475039081979456,-0.8641964146176347,-0.9191951838952687,-0.31717104994778084,-0.6639736578447022,-0.8641964146176347,1
-0.7456896586655868,-0.7402787992031358,-0.7617030225324501,-0.6643026722031953,-0.3994271450233167,1.494691810345687,-1.5118578920369088,-0.5429499644318405,-0.5594989053861664,1.004391789142215,0.7578782579046334,-1.0475039081979456,-0.8641964146176347,1.0879082239773117,-0.31717104994778084,-0.4179666723923904,-0.8641964146176347,1
-0.36116756238906095,-0.9503806618288837,-0.8225571377378299,-0.2939036064898985,0.6527106631453959,-0.3677756107772803,-1.5118578920369088,-0.5429499644318405,-0.5594989053861664,0.7708910025828726,-0.836438809028894,-1.0475039081979456,1.1571443517761548,1.0879082239773117,-0.31717104994778084,-0.6612703144156764,1.1571443517761548,1
0.6600804993153384,-0.6855647724776807,-0.8834112529432095,-0.6643026722031953,-0.703993352651102,-0.6547178097520028,-1.5118578920369088,-0.5429499644318405,-0.5594989053861664,-0.16311214365449725,-1.2350180757622757,-1.0475039081979456,-0.8641964146176347,-0.9191951838952687,-0.31717104994778084,-0.25406451833478755,-0.8641964146176347,1
0.09795004448152572,-0.5400254613879698,-0.8834112529432095,-0.6643026722031953,-0.3994271450233167,-0.6547178097520028,0.6614378277661477,1.783978454561761,1.7944903916653874,0.5373902160235301,-1.2350180757622757,-1.0475039081979456,-0.8641964146176347,-0.9191951838952687,-0.31717104994778084,-0.03607465343817579,-0.8641964146176347,1
-0.6719821898643129,-0.858461096930119,-0.7617030225324501,-0.2939036064898985,0.4312079666888249,-0.6440903209010872,-1.5118578920369088,-0.5429499644318405,-0.5594989053861664,1.4713933622609,0.7578782579046334,-1.0475039081979456,1.1571443517761548,1.0879082239773117,-0.31717104994778084,-0.5595781334981592,1.1571443517761548,1
-1.167509510239143,-0.47546290985193274,-0.4160516481658934,0.07649545922339826,-0.12254877445260284,0.9048661791198687,0.6614378277661477,-0.5429499644318405,-0.5594989053861664,-1.097115289891867,-0.039280275562130276,-1.0475039081979456,1.1571443517761548,1.0879082239773117,-0.31717104994778084,-0.3343431244038175,1.1571443517761548,1
0.8527855683499949,-0.9044208793795013,-0.6399947921216907,-0.6643026722031953,-0.33020755238063826,-0.6547178097520028,0.6614378277661477,1.783978454561761,1.7944903916653874,0.7708910025828726,0.7578782579046334,-1.0475039081979456,-0.8641964146176347,1.0879082239773117,-0.31717104994778084,-0.6365028778025275,-0.8641964146176347,1
-1.0493999517985475,1.0838868518235398,-0.4988132448452098,-0.6643026722031953,-0.6763055155940305,0.27518746470311645,0.6614378277661477,-0.5429499644318405,-0.5594989053861664,-1.3306160764512096,0.7578782579046334,-1.0475039081979456,-0.8641964146176347,-0.9191951838952687,-0.31717104994778084,1.0095386805450555,-0.8641964146176347,1
-0.24305800394846533,-0.22049554531131163,-0.7617030225324501,-0.6643026722031953,-0.5378663303086736,-0.6547178097520028,0.6614378277661477,-0.5429499644318405,-0.5594989053861664,-1.3306160764512096,0.7578782579046334,-1.0475039081979456,-0.8641964146176347,1.0879082239773117,-0.31717104994778084,0.20486151302650032,-0.8641964146176347,1
0.37857125100203864,-0.8497068526540461,-0.15316187047865304,-0.6643026722031953,0.3689103333104143,-0.6547178097520028,0.6614378277661477,-0.5429499644318405,-0.5594989053861664,0.5373902160235301,0.7578782579046334,-1.0475039081979456,-0.8641964146176347,1.0879082239773117,-0.31717104994778084,-0.6474296880730342,-0.8641964146176347,1
0.25335735821915173,-0.41199463885040477,0.3336710511643846,-0.6643026722031953,0.3758322925746821,-0.12334336720622037,0.6614378277661477,-0.5429499644318405,-0.5594989053861664,0.0703886429048452,-2.0321766092290394,-1.0475039081979456,-0.8641964146176347,1.0879082239773117,-0.31717104994778084,-0.4882104527027916,-0.8641964146176347,1
0.16455317894050828,-0.5214226923013151,0.8205039728074223,-0.6643026722031953,0.15432959611811103,-0.2800988277572262,0.6614378277661477,1.783978454561761,1.7944903916653874,-0.8636145033325247,0.7578782579046334,-1.0475039081979456,-0.8641964146176347,1.0879082239773117,-0.31717104994778084,-0.5818688264499932,-0.8641964146176347,1
0.02335453388746494,-0.8497068526540461,0.8205039728074223,-0.6643026722031953,0.9849647078302526,-0.6547178097520028,0.6614378277661477,1.783978454561761,1.7944903916653874,-1.3306160764512096,0.7578782579046334,-1.0475039081979456,-0.8641964146176347,1.0879082239773117,-0.31717104994778084,-0.6911369291550618,-0.8641964146176347,1
1.8811379643966855,0.5181438154823332,0.5770875119859035,-0.6643026722031953,-1.2300622567354582,-0.6547178097520028,-1.5118578920369088,-0.5429499644318405,-0.5594989053861664,-1.3306160764512096,-0.836438809028894,-1.0475039081979456,-0.8641964146176347,-0.9191951838952687,-0.31717104994778084,-0.17211344130598613,-0.8641964146176347,1
0.4309657167764386,-0.921929367931647,-0.7422297056667286,-0.6643026722031953,0.9088231559233063,-0.649404065326545,0.6614378277661477,1.783978454561761,1.7944903916653874,1.4713933622609,0.7578782579046334,-1.0475039081979456,-0.8641964146176347,1.0879082239773117,-0.31717104994778084,-0.6390439964700872,-0.8641964146176347,1
0.5339785647396647,-0.4305974079370595,-0.8030838208721083,-0.6643026722031953,-1.2300622567354582,0.6763751688251822,0.6614378277661477,-0.5429499644318405,-0.5594989053861664,-0.8636145033325247,0.7578782579046334,-1.0475039081979456,-0.8641964146176347,1.0879082239773117,-0.31717104994778084,0.004098960373968758,-0.8641964146176347,1
-0.9312903933579518,0.8464279758350642,-0.8030838208721083,-0.6643026722031953,-1.2300622567354582,0.27784433691584537,-1.5118578920369088,-0.5429499644318405,-0.5594989053861664,-1.097115289891867,0.7578782579046334,-1.0475039081979456,-0.8641964146176347,-0.9191951838952687,-0.31717104994778084,1.645934271835106,-0.8641964146176347,1
-0.6426768107023607,0.9558560292859746,-0.7617030225324501,-0.6643026722031953,-1.2300622567354582,-0.6547178097520028,0.6614378277661477,-0.5429499644318405,-0.5594989053861664,-1.3306160764512096,0.7578782579046334,-1.0475039081979456,-0.8641964146176347,1.0879082239773117,-0.31717104994778084,1.6144200379218847,-0.8641964146176347,1
-0.5094705417843955,-0.9405321370183017,0.8205039728074223,-0.6643026722031953,1.1234038931156096,-0.6547178097520028,0.6614378277661477,-0.5429499644318405,-0.5594989053861664,0.5373902160235301,-0.836438809028894,-1.0475039081979456,-0.8641964146176347,1.0879082239773117,-0.31717104994778084,-0.721367770903464,-0.8641964146176347,1
0.34216153749779515,-0.19313853194858405,-0.8834112529432095,1.5580917220765853,-1.2300622567354582,-0.12334336720622037,-1.5118578920369088,-0.5429499644318405,-0.5594989053861664,-0.16311214365449725,-1.2350180757622757,-1.0475039081979456,1.1571443517761548,-0.9191951838952687,-0.31717104994778084,0.4834951749244251,1.1571443517761548,1
1.4886234919850814,-0.19313853194858405,-0.3965783313001719,-0.6643026722031953,-0.5378663303086736,-0.649404065326545,0.6614378277661477,-0.5429499644318405,-0.5594989053861664,0.0703886429048452,-2.0321766092290394,-1.0475039081979456,-0.8641964146176347,-0.9191951838952687,-0.31717104994778084,-0.13113790279158544,-0.8641964146176347,1
-1.3753112897511688,0.6549288822959711,-0.8225571377378299,-0.2939036064898985,-1.2300622567354582,-0.22961825571537686,-1.5118578920369088,-0.5429499644318405,-0.5594989053861664,1.004391789142215,0.7578782579046334,-1.0475039081979456,1.1571443517761548,1.0879082239773117,-0.31717104994778084,1.4760137744954644,1.1571443517761548,1
-0.7829874139626172,-0.923023648466156,-0.7203222241927919,-0.6643026722031953,-0.23330012268088837,-0.6547178097520028,-1.5118578920369088,-0.5429499644318405,-0.5594989053861664,0.0703886429048452,0.7578782579046334,-1.0475039081979456,-0.8641964146176347,1.0879082239773117,3.2705014822484286,-0.6438692667489365,-0.8641964146176347,1
-0.8717915932412607,1.5029962965405264,-0.6399947921216907,-0.6643026722031953,-0.5378663303086736,-0.4740504992864368,0.6614378277661477,-0.5429499644318405,-0.5594989053861664,0.0703886429048452,0.7578782579046334,0.9546503761693188,-0.8641964146176347,1.0879082239773117,-0.31717104994778084,1.7673953817089807,-0.8641964146176347,1
-0.6870789003416824,-0.8321983641019005,-0.6813755904613489,-0.2939036064898985,0.15432959611811103,-0.6254922154119847,-1.5118578920369088,-0.5429499644318405,-0.5594989053861664,1.004391789142215,0.7578782579046334,-1.0475039081979456,1.1571443517761548,1.0879082239773117,-0.31717104994778084,-0.553490008256274,1.1571443517761548,1
-0.909089348538291,0.08043160167869182,-0.8834112529432095,-0.6643026722031953,-1.2300622567354582,-0.6547178097520028,-1.5118578920369088,1.783978454561761,1.7944903916653874,-0.16311214365449725,-1.2350180757622757,-1.0475039081979456,-0.8641964146176347,-0.9191951838952687,-0.31717104994778084,0.8932505600684322,-0.8641964146176347,1
-0.5014781656493174,-0.3025665853994944,0.23143613761934673,-0.2939036064898985,1.6494727971999659,-0.5989234932846956,0.6614378277661477,-0.5429499644318405,-0.5594989053861664,-1.097115289891867,-0.836438809028894,-1.0475039081979456,1.1571443517761548,1.0879082239773117,-0.31717104994778084,-0.4219521351050372,1.1571443517761548,1
0.675177209792708,-0.6494535148388801,-0.7617030225324501,-0.6643026722031953,-1.2300622567354582,0.38146235321227295,-1.5118578920369088,-0.5429499644318405,-0.5594989053861664,-1.3306160764512096,0.7578782579046334,-1.0475039081979456,-0.8641964146176347,-0.9191951838952687,-0.31717104994778084,-0.3091356420981421,-0.8641964146176347,1
-1.3824156240934602,-0.9317778927422289,-0.3965783313001719,-0.6643026722031953,-0.3994271450233167,-0.6068941099228824,-1.5118578920369088,-0.5429499644318405,-0.5594989053861664,-1.097115289891867,0.7578782579046334,-1.0475039081979456,-0.8641964146176347,-0.9191951838952687,-0.31717104994778084,-0.6843076727359949,-0.8641964146176347,1
-0.24305800394846533,-0.19313853194858405,-0.7617030225324501,-0.2939036064898985,-0.9531838861647445,-0.24555948899175034,-1.5118578920369088,-0.5429499644318405,-0.5594989053861664,-1.097115289891867,0.7578782579046334,-1.0475039081979456,1.1571443517761548,1.0879082239773117,-0.31717104994778084,0.2376419438380209,1.1571443517761548,1
-0.8051884587822781,0.9558560292859746,-0.8420304546035514,-0.6643026722031953,-1.2300622567354582,-0.6547178097520028,0.6614378277661477,-0.5429499644318405,-0.5594989053861664,-1.3306160764512096,0.7578782579046334,-1.0475039081979456,-0.8641964146176347,-0.9191951838952687,-0.31717104994778084,1.9733430960240639,-0.8641964146176347,1
-0.13205277985016106,-0.24785255867403921,-0.8030838208721083,-0.6643026722031953,0.26508094434639656,-0.6547178097520028,0.6614378277661477,-0.5429499644318405,-0.5594989053861664,-1.097115289891867,0.7578782579046334,-1.0475039081979456,-0.8641964146176347,-0.9191951838952687,-0.31717104994778084,0.2390488292805754,-0.8641964146176347,1
-0.6941832346839738,-0.6855647724776807,-0.4574324465055516,-0.6643026722031953,-0.12254877445260284,-0.6547178097520028,-1.5118578920369088,-0.5429499644318405,-0.5594989053861664,1.4713933622609,0.7578782579046334,-1.0475039081979456,-0.8641964146176347,1.0879082239773117,-0.31717104994778084,-0.48352753401543147,-0.8641964146176347,1
0.06775662352678666,-0.13842450522312888,-0.15316187047865304,-0.6643026722031953,-0.3994271450233167,-0.6547178097520028,0.6614378277661477,1.783978454561761,1.7944903916653874,-0.8636145033325247,0.7578782579046334,-1.0475039081979456,-0.8641964146176347,1.0879082239773117,-0.31717104994778084,-0.22128408752326695,-0.8641964146176347,1
-0.02104755575185677,-0.6855647724776807,-0.863937936077488,-0.6643026722031953,-0.12254877445260284,-0.6547178097520028,0.6614378277661477,1.783978454561761,1.7944903916653874,1.4713933622609,0.7578782579046334,-1.0475039081979456,-0.8641964146176347,-0.9191951838952687,3.2705014822484286,-0.272976305341434,-0.8641964146176347,1
0.045555578707125795,-1.0050946885543388,-0.863937936077488,-0.6643026722031953,-1.2300622567354582,-0.6547178097520028,0.6614378277661477,1.783978454561761,1.7944903916653874,0.7708910025828726,0.7578782579046334,-1.0475039081979456,-0.8641964146176347,-0.9191951838952687,-0.31717104994778084,-0.7331631225031651,-0.8641964146176347,1
-0.8495905484215998,1.5577103232659815,-0.7617030225324501,-0.6643026722031953,0.015890410832754092,-0.6547178097520028,-1.5118578920369088,-0.5429499644318405,-0.5594989053861664,-1.097115289891867,0.7578782579046334,-1.0475039081979456,-0.8641964146176347,1.0879082239773117,-0.31717104994778084,2.3355895157753372,-0.8641964146176347,1
-1.1897105550588039,-0.8956666351034285,-0.031453640067893626,-0.2939036064898985,-0.6763055155940305,-0.6414334486883583,-1.5118578920369088,-0.5429499644318405,-0.5594989053861664,-1.097115289891867,0.7578782579046334,-1.0475039081979456,1.1571443517761548,1.0879082239773117,-0.31717104994778084,-0.6814021345504284,1.1571443517761548,1
-0.08765069021083934,-0.9044208793795013,-0.8420304546035514,-0.6643026722031953,0.514271477860039,-0.6547178097520028,0.6614378277661477,-0.5429499644318405,-0.5594989053861664,-0.6301137167731822,-0.836438809028894,-1.0475039081979456,-0.8641964146176347,1.0879082239773117,3.2705014822484286,-0.5947090873669483,-0.8641964146176347,1
1.8216391642799943,-0.5673824747506975,-0.15316187047865304,-0.6643026722031953,-0.3994271450233167,-0.6520609375392739,0.6614378277661477,1.783978454561761,1.7944903916653874,-0.16311214365449725,-1.2350180757622757,-1.0475039081979456,-0.8641964146176347,-0.9191951838952687,-0.31717104994778084,-0.4782826650855882,-0.8641964146176347,1
1.4078116888415162,0.2631764509417121,1.7941698160934976,-0.6643026722031953,1.9886488011490902,-0.256186977842666,0.6614378277661477,-0.5429499644318405,-0.5594989053861664,1.4713933622609,0.7578782579046334,-1.0475039081979456,-0.8641964146176347,-0.9191951838952687,-0.31717104994778084,-0.45150357468417673,-0.8641964146176347,1
-0.48726949696473476,1.7951691992544572,-0.6399947921216907,-0.6643026722031953,-1.2300622567354582,-0.649404065326545,0.6614378277661477,-0.5429499644318405,-0.5594989053861664,-0.8636145033325247,0.7578782579046334,-1.0475039081979456,-0.8641964146176347,-0.9191951838952687,-0.31717104994778084,2.0591412159315134,-0.8641964146176347,1
1.6813285610197377,-0.8311040835673914,-0.6399947921216907,-0.6643026722031953,0.4312079666888249,-0.3438637608627201,-1.5118578920369088,-0.5429499644318405,-0.5594989053861664,-1.3306160764512096,0.7578782579046334,-1.0475039081979456,-0.8641964146176347,1.0879082239773117,-0.31717104994778084,-0.5632932489901316,-0.8641964146176347,1
-0.16135815901211323,-0.5761367190267702,0.09025459034286579,-0.6643026722031953,0.5419593149171105,-0.6095509821356113,0.6614378277661477,1.783978454561761,1.7944903916653874,-0.3966129302138397,-0.836438809028894,-1.0475039081979456,-0.8641964146176347,-0.9191951838952687,-0.31717104994778084,-0.527234775097459,-0.8641964146176347,1
0.5339785647396647,-0.46670866557585994,-0.7811763393981717,-0.6643026722031953,0.5696471519741818,-0.0011272454206904116,-1.5118578920369088,-0.5429499644318405,-0.5594989053861664,0.0703886429048452,-0.836438809028894,-1.0475039081979456,-0.8641964146176347,-0.9191951838952687,-0.31717104994778084,-0.0684893521703942,-0.8641964146176347,1
0.9113963266738991,-0.7862385816525181,-0.5596673600505895,-0.6643026722031953,0.4312079666888249,-0.025039095335250623,-1.5118578920369088,-0.5429499644318405,-0.5594989053861664,-1.3306160764512096,0.7578782579046334,-1.0475039081979456,-0.8641964146176347,-0.9191951838952687,-0.31717104994778084,-0.5410163376008008,-0.8641964146176347,1
-0.06544964539117848,1.320251447277506,-0.8420304546035514,2.1136903206465303,-0.33712951164490607,-0.6467471931138161,-1.5118578920369088,-0.5429499644318405,-0.5594989053861664,1.004391789142215,-0.836438809028894,-1.0475039081979456,1.1571443517761548,1.0879082239773117,-0.31717104994778084,2.4763792001824205,1.1571443517761548,1
-1.0565042861408387,0.5728578422077883,-0.863937936077488,-0.2939036064898985,-0.5378663303086736,-0.6520609375392739,0.6614378277661477,-0.5429499644318405,-0.5594989053861664,0.7708910025828726,0.7578782579046334,-1.0475039081979456,1.1571443517761548,-0.9191951838952687,-0.31717104994778084,1.5394032827955202,1.1571443517761548,1
-1.1897105550588039,1.220671918637178,-0.8834112529432095,-0.6643026722031953,-1.2300622567354582,-0.5218741991155572,-1.5118578920369088,-0.5429499644318405,-0.5594989053861664,-0.16311214365449725,-1.2350180757622757,-1.0475039081979456,-0.8641964146176347,-0.9191951838952687,-0.31717104994778084,2.601111005348654,-0.8641964146176347,1
-0.9978935278169344,-0.7402787992031358,-0.8834112529432095,-0.6643026722031953,-1.2300622567354582,-0.6547178097520028,-1.5118578920369088,-0.5429499644318405,-0.5594989053861664,-1.097115289891867,0.7578782579046334,-1.0475039081979456,-0.8641964146176347,-0.9191951838952687,-0.31717104994778084,-0.33601559536358894,-0.8641964146176347,1
-1.0493999517985475,-0.9503806618288837,-0.7422297056667286,-0.6643026722031953,0.7080863372595387,0.31238367568132125,0.6614378277661477,-0.5429499644318405,-0.5594989053861664,0.5373902160235301,0.7578782579046334,-1.0475039081979456,-0.8641964146176347,-0.9191951838952687,-0.31717104994778084,-0.6720785391483638,-0.8641964146176347,1
-0.3096611384074479,-0.794992825928591,0.5770875119859035,-0.6643026722031953,-0.011797426224317294,0.7720225684834231,0.6614378277661477,1.783978454561761,1.7944903916653874,-0.6301137167731822,-0.836438809028894,-1.0475039081979456,-0.8641964146176347,-0.9191951838952687,-0.31717104994778084,-0.6638199034787946,-0.8641964146176347,1
-1.2643060656528646,-0.2938123411234216,-0.7203222241927919,-0.6643026722031953,-0.26098795973795974,-0.649404065326545,0.6614378277661477,-0.5429499644318405,-0.5594989053861664,0.0703886429048452,0.7578782579046334,-1.0475039081979456,-0.8641964146176347,1.0879082239773117,-0.31717104994778084,0.0620763406152704,-0.8641964146176347,1
0.4531667615960994,-0.8497068526540461,-0.5986139937820325,-0.6643026722031953,0.4312079666888249,-0.6467471931138161,0.6614378277661477,1.783978454561761,1.7944903916653874,-0.6301137167731822,0.7578782579046334,-1.0475039081979456,-0.8641964146176347,-0.9191951838952687,-0.31717104994778084,-0.5906585318726407,-0.8641964146176347,1
0.8225921473952558,-0.2938123411234216,0.8205039728074223,-0.6643026722031953,1.5387214489716803,-0.6547178097520028,0.6614378277661477,-0.5429499644318405,-0.5594989053861664,0.7708910025828726,0.7578782579046334,-1.0475039081979456,-0.8641964146176347,1.0879082239773117,3.2705014822484286,-0.506109608574479,-0.8641964146176347,1
-0.909089348538291,1.1933149052744503,-0.27487010088941244,-0.6643026722031953,0.5696471519741818,-0.6547178097520028,0.6614378277661477,1.783978454561761,1.7944903916653874,-0.3966129302138397,-0.836438809028894,-1.0475039081979456,-0.8641964146176347,-0.9191951838952687,-0.31717104994778084,0.7235207738665593,-0.8641964146176347,1
-0.7678907034852477,-0.8497068526540461,0.09025459034286579,0.07649545922339826,0.15432959611811103,0.3920898420631886,-1.5118578920369088,-0.5429499644318405,-0.5594989053861664,-1.097115289891867,0.7578782579046334,-1.0475039081979456,1.1571443517761548,1.0879082239773117,-0.31717104994778084,-0.6638199034787946,1.1571443517761548,1
-0.5387759209463477,1.9407085103441677,0.09025459034286579,-0.2939036064898985,0.15432959611811103,-0.6520609375392739,-1.5118578920369088,1.783978454561761,1.7944903916653874,-0.16311214365449725,-1.2350180757622757,-1.0475039081979456,1.1571443517761548,1.0879082239773117,-0.31717104994778084,0.7293484060108294,1.1571443517761548,1
-1.1897105550588039,-0.9689834309155384,-0.863937936077488,-0.6643026722031953,0.7080863372595387,1.3379363497946815,0.6614378277661477,-0.5429499644318405,-0.5594989053861664,-1.3306160764512096,0.7578782579046334,-1.0475039081979456,-0.8641964146176347,-0.9191951838952687,-0.31717104994778084,-0.6811557082348872,-0.8641964146176347,1
0.3270648270204256,-0.2752095720367668,2.190938647232573,-0.6643026722031953,-1.2300622567354582,-0.6547178097520028,0.6614378277661477,-0.5429499644318405,-0.5594989053861664,-1.097115289891867,-0.836438809028894,-1.0475039081979456,-0.8641964146176347,1.0879082239773117,-0.31717104994778084,-0.5945283913225217,-0.8641964146176347,1
